https://www.instagram.com/sleeper_cellz_of_psg,https://www.instagram.com/akil_yadhav
https://www.instagram.com/techy_trolls,https://www.instagram.com/akil_yadhav
https://www.instagram.com/projects_360_,https://www.instagram.com/akil_yadhav
https://www.instagram.com/_.b.k.g._,https://www.instagram.com/akil_yadhav
https://www.instagram.com/ajey729,https://www.instagram.com/akil_yadhav
https://www.instagram.com/adhavanalexander,https://www.instagram.com/akil_yadhav
https://www.instagram.com/___sallu___rocky___,https://www.instagram.com/akil_yadhav
https://www.instagram.com/events_at_coimbatore,https://www.instagram.com/akil_yadhav
https://www.instagram.com/srinath_nsk_,https://www.instagram.com/akil_yadhav
https://www.instagram.com/rj_mokshith,https://www.instagram.com/akil_yadhav
https://www.instagram.com/sleeper_cellz_of_psg,https://www.instagram.com/sri_nagul_baskar
https://www.instagram.com/__the_lonely_king__,https://www.instagram.com/sri_nagul_baskar
https://www.instagram.com/nitin_sundararaj,https://www.instagram.com/sri_nagul_baskar
https://www.instagram.com/____preetham____,https://www.instagram.com/sri_nagul_baskar
https://www.instagram.com/_rishikeshwaran_,https://www.instagram.com/sri_nagul_baskar
https://www.instagram.com/mrwirelessbrain,https://www.instagram.com/sri_nagul_baskar
https://www.instagram.com/rohith_ck_,https://www.instagram.com/sri_nagul_baskar
https://www.instagram.com/an_engineer_sketch,https://www.instagram.com/sri_nagul_baskar
https://www.instagram.com/adhavanalexander,https://www.instagram.com/sri_nagul_baskar
https://www.instagram.com/___sallu___rocky___,https://www.instagram.com/sri_nagul_baskar
https://www.instagram.com/a_shibu_musical_official,https://www.instagram.com/sri_nagul_baskar
https://www.instagram.com/dhayanandh_at,https://www.instagram.com/sri_nagul_baskar
https://www.instagram.com/events_at_coimbatore,https://www.instagram.com/sri_nagul_baskar
https://www.instagram.com/ttrnni,https://www.instagram.com/sri_nagul_baskar
https://www.instagram.com/rj_mokshith,https://www.instagram.com/sri_nagul_baskar
https://www.instagram.com/the_hacker_2.o,https://www.instagram.com/sri_nagul_baskar
https://www.instagram.com/_the_eminent_artist_,https://www.instagram.com/sri_nagul_baskar
https://www.instagram.com/sleeper_cellz_of_psg,https://www.instagram.com/ajey729
https://www.instagram.com/akil_yadhav,https://www.instagram.com/ajey729
https://www.instagram.com/sleeper_cellz_of_psg,https://www.instagram.com/____preetham____
https://www.instagram.com/__the_lonely_king__,https://www.instagram.com/____preetham____
https://www.instagram.com/sri_nagul_baskar,https://www.instagram.com/____preetham____
https://www.instagram.com/nitin_sundararaj,https://www.instagram.com/____preetham____
https://www.instagram.com/sak_ajmal298,https://www.instagram.com/____preetham____
https://www.instagram.com/_rishikeshwaran_,https://www.instagram.com/____preetham____
https://www.instagram.com/book_ishq,https://www.instagram.com/____preetham____
https://www.instagram.com/adhavanalexander,https://www.instagram.com/____preetham____
https://www.instagram.com/___sallu___rocky___,https://www.instagram.com/____preetham____
https://www.instagram.com/a_shibu_musical_official,https://www.instagram.com/____preetham____
https://www.instagram.com/dhayanandh_at,https://www.instagram.com/____preetham____
https://www.instagram.com/rj_mokshith,https://www.instagram.com/____preetham____
https://www.instagram.com/the_hacker_2.o,https://www.instagram.com/____preetham____
https://www.instagram.com/_the_eminent_artist_,https://www.instagram.com/____preetham____
https://www.instagram.com/sleeper_cellz_of_psg,https://www.instagram.com/a_shibu_musical_official
https://www.instagram.com/events_at_coimbatore,https://www.instagram.com/a_shibu_musical_official
https://www.instagram.com/ilayaraja033,https://www.instagram.com/a_shibu_musical_official
https://www.instagram.com/sleeper_cellz_of_psg,https://www.instagram.com/rj_mokshith
https://www.instagram.com/__the_lonely_king__,https://www.instagram.com/rj_mokshith
https://www.instagram.com/sri_nagul_baskar,https://www.instagram.com/rj_mokshith
https://www.instagram.com/nitin_sundararaj,https://www.instagram.com/rj_mokshith
https://www.instagram.com/sak_ajmal298,https://www.instagram.com/rj_mokshith
https://www.instagram.com/manojh_sivakumar,https://www.instagram.com/rj_mokshith
https://www.instagram.com/____preetham____,https://www.instagram.com/rj_mokshith
https://www.instagram.com/_rishikeshwaran_,https://www.instagram.com/rj_mokshith
https://www.instagram.com/ajay133734,https://www.instagram.com/rj_mokshith
https://www.instagram.com/book_ishq,https://www.instagram.com/rj_mokshith
https://www.instagram.com/akil_yadhav,https://www.instagram.com/rj_mokshith
https://www.instagram.com/adhavanalexander,https://www.instagram.com/rj_mokshith
https://www.instagram.com/___sallu___rocky___,https://www.instagram.com/rj_mokshith
https://www.instagram.com/dhayanandh_at,https://www.instagram.com/rj_mokshith
https://www.instagram.com/events_at_coimbatore,https://www.instagram.com/rj_mokshith
https://www.instagram.com/ttrnni,https://www.instagram.com/rj_mokshith
https://www.instagram.com/_the_eminent_artist_,https://www.instagram.com/rj_mokshith
https://www.instagram.com/__the_lonely_king__,https://www.instagram.com/___sallu___rocky___
https://www.instagram.com/ashwin7818,https://www.instagram.com/___sallu___rocky___
https://www.instagram.com/sri_nagul_baskar,https://www.instagram.com/___sallu___rocky___
https://www.instagram.com/nitin_sundararaj,https://www.instagram.com/___sallu___rocky___
https://www.instagram.com/sak_ajmal298,https://www.instagram.com/___sallu___rocky___
https://www.instagram.com/____preetham____,https://www.instagram.com/___sallu___rocky___
https://www.instagram.com/mrwirelessbrain,https://www.instagram.com/___sallu___rocky___
https://www.instagram.com/ajay133734,https://www.instagram.com/___sallu___rocky___
https://www.instagram.com/__.v_.i_.s_.h_.n_.u__,https://www.instagram.com/___sallu___rocky___
https://www.instagram.com/rohith_ck_,https://www.instagram.com/___sallu___rocky___
https://www.instagram.com/_.b.k.g._,https://www.instagram.com/___sallu___rocky___
https://www.instagram.com/akil_yadhav,https://www.instagram.com/___sallu___rocky___
https://www.instagram.com/adhavanalexander,https://www.instagram.com/___sallu___rocky___
https://www.instagram.com/dhayanandh_at,https://www.instagram.com/___sallu___rocky___
https://www.instagram.com/ttrnni,https://www.instagram.com/___sallu___rocky___
https://www.instagram.com/srinath_nsk_,https://www.instagram.com/___sallu___rocky___
https://www.instagram.com/sanjay_sandy3,https://www.instagram.com/___sallu___rocky___
https://www.instagram.com/ilayaraja033,https://www.instagram.com/___sallu___rocky___
https://www.instagram.com/rj_mokshith,https://www.instagram.com/___sallu___rocky___
https://www.instagram.com/the_hacker_2.o,https://www.instagram.com/___sallu___rocky___
https://www.instagram.com/_the_eminent_artist_,https://www.instagram.com/___sallu___rocky___
https://www.instagram.com/__the_lonely_king__,https://www.instagram.com/adhavanalexander
https://www.instagram.com/ashwin7818,https://www.instagram.com/adhavanalexander
https://www.instagram.com/sri_nagul_baskar,https://www.instagram.com/adhavanalexander
https://www.instagram.com/nitin_sundararaj,https://www.instagram.com/adhavanalexander
https://www.instagram.com/____preetham____,https://www.instagram.com/adhavanalexander
https://www.instagram.com/_rishikeshwaran_,https://www.instagram.com/adhavanalexander
https://www.instagram.com/mrwirelessbrain,https://www.instagram.com/adhavanalexander
https://www.instagram.com/ajay133734,https://www.instagram.com/adhavanalexander
https://www.instagram.com/__.v_.i_.s_.h_.n_.u__,https://www.instagram.com/adhavanalexander
https://www.instagram.com/rohith_ck_,https://www.instagram.com/adhavanalexander
https://www.instagram.com/book_ishq,https://www.instagram.com/adhavanalexander
https://www.instagram.com/akil_yadhav,https://www.instagram.com/adhavanalexander
https://www.instagram.com/___sallu___rocky___,https://www.instagram.com/adhavanalexander
https://www.instagram.com/a_shibu_musical_official,https://www.instagram.com/adhavanalexander
https://www.instagram.com/dhayanandh_at,https://www.instagram.com/adhavanalexander
https://www.instagram.com/ttrnni,https://www.instagram.com/adhavanalexander
https://www.instagram.com/srinath_nsk_,https://www.instagram.com/adhavanalexander
https://www.instagram.com/rj_mokshith,https://www.instagram.com/adhavanalexander
https://www.instagram.com/the_hacker_2.o,https://www.instagram.com/adhavanalexander
https://www.instagram.com/_the_eminent_artist_,https://www.instagram.com/adhavanalexander
https://www.instagram.com/__the_lonely_king__,https://www.instagram.com/_the_eminent_artist_
https://www.instagram.com/sri_nagul_baskar,https://www.instagram.com/_the_eminent_artist_
https://www.instagram.com/nitin_sundararaj,https://www.instagram.com/_the_eminent_artist_
https://www.instagram.com/____preetham____,https://www.instagram.com/_the_eminent_artist_
https://www.instagram.com/_rishikeshwaran_,https://www.instagram.com/_the_eminent_artist_
https://www.instagram.com/mrwirelessbrain,https://www.instagram.com/_the_eminent_artist_
https://www.instagram.com/ajay133734,https://www.instagram.com/_the_eminent_artist_
https://www.instagram.com/rohith_ck_,https://www.instagram.com/_the_eminent_artist_
https://www.instagram.com/an_engineer_sketch,https://www.instagram.com/_the_eminent_artist_
https://www.instagram.com/adhavanalexander,https://www.instagram.com/_the_eminent_artist_
https://www.instagram.com/___sallu___rocky___,https://www.instagram.com/_the_eminent_artist_
https://www.instagram.com/dhayanandh_at,https://www.instagram.com/_the_eminent_artist_
https://www.instagram.com/ttrnni,https://www.instagram.com/_the_eminent_artist_
https://www.instagram.com/ilayaraja033,https://www.instagram.com/_the_eminent_artist_
https://www.instagram.com/rj_mokshith,https://www.instagram.com/_the_eminent_artist_
https://www.instagram.com/the_hacker_2.o,https://www.instagram.com/_the_eminent_artist_
https://www.instagram.com/__the_lonely_king__,https://www.instagram.com/the_hacker_2.o
https://www.instagram.com/sri_nagul_baskar,https://www.instagram.com/the_hacker_2.o
https://www.instagram.com/nitin_sundararaj,https://www.instagram.com/the_hacker_2.o
https://www.instagram.com/mrwirelessbrain,https://www.instagram.com/the_hacker_2.o
https://www.instagram.com/rohith_ck_,https://www.instagram.com/the_hacker_2.o
https://www.instagram.com/adhavanalexander,https://www.instagram.com/the_hacker_2.o
https://www.instagram.com/___sallu___rocky___,https://www.instagram.com/the_hacker_2.o
https://www.instagram.com/a_shibu_musical_official,https://www.instagram.com/the_hacker_2.o
https://www.instagram.com/dhayanandh_at,https://www.instagram.com/the_hacker_2.o
https://www.instagram.com/ttrnni,https://www.instagram.com/the_hacker_2.o
https://www.instagram.com/_the_eminent_artist_,https://www.instagram.com/the_hacker_2.o
https://www.instagram.com/__the_lonely_king__,https://www.instagram.com/mrwirelessbrain
https://www.instagram.com/sri_nagul_baskar,https://www.instagram.com/mrwirelessbrain
https://www.instagram.com/nitin_sundararaj,https://www.instagram.com/mrwirelessbrain
https://www.instagram.com/adhavanalexander,https://www.instagram.com/mrwirelessbrain
https://www.instagram.com/___sallu___rocky___,https://www.instagram.com/mrwirelessbrain
https://www.instagram.com/dhayanandh_at,https://www.instagram.com/mrwirelessbrain
https://www.instagram.com/ttrnni,https://www.instagram.com/mrwirelessbrain
https://www.instagram.com/the_hacker_2.o,https://www.instagram.com/mrwirelessbrain
https://www.instagram.com/_the_eminent_artist_,https://www.instagram.com/mrwirelessbrain
https://www.instagram.com/__the_lonely_king__,https://www.instagram.com/ttrnni
https://www.instagram.com/sri_nagul_baskar,https://www.instagram.com/ttrnni
https://www.instagram.com/nitin_sundararaj,https://www.instagram.com/ttrnni
https://www.instagram.com/_rishikeshwaran_,https://www.instagram.com/ttrnni
https://www.instagram.com/mrwirelessbrain,https://www.instagram.com/ttrnni
https://www.instagram.com/rohith_ck_,https://www.instagram.com/ttrnni
https://www.instagram.com/adhavanalexander,https://www.instagram.com/ttrnni
https://www.instagram.com/___sallu___rocky___,https://www.instagram.com/ttrnni
https://www.instagram.com/a_shibu_musical_official,https://www.instagram.com/ttrnni
https://www.instagram.com/dhayanandh_at,https://www.instagram.com/ttrnni
https://www.instagram.com/the_hacker_2.o,https://www.instagram.com/ttrnni
https://www.instagram.com/_the_eminent_artist_,https://www.instagram.com/ttrnni
https://www.instagram.com/__the_lonely_king__,https://www.instagram.com/_.b.k.g._
https://www.instagram.com/terific_eswar,https://www.instagram.com/_.b.k.g._
https://www.instagram.com/srv2018passedouts,https://www.instagram.com/_.b.k.g._
https://www.instagram.com/sudar7san_vpm,https://www.instagram.com/_.b.k.g._
https://www.instagram.com/lewin_kingsly,https://www.instagram.com/_.b.k.g._
https://www.instagram.com/akil_yadhav,https://www.instagram.com/_.b.k.g._
https://www.instagram.com/___sallu___rocky___,https://www.instagram.com/_.b.k.g._
https://www.instagram.com/manikandan_thamaraiselvan,https://www.instagram.com/_.b.k.g._
https://www.instagram.com/srinath_nsk_,https://www.instagram.com/_.b.k.g._
https://www.instagram.com/ilayaraja033,https://www.instagram.com/_.b.k.g._
https://www.instagram.com/_nithish_the_legend,https://www.instagram.com/_.b.k.g._
https://www.instagram.com/prasannavijay92,https://www.instagram.com/_.b.k.g._
https://www.instagram.com/__the_lonely_king__,https://www.instagram.com/__.v_.i_.s_.h_.n_.u__
https://www.instagram.com/sri_nagul_baskar,https://www.instagram.com/__.v_.i_.s_.h_.n_.u__
https://www.instagram.com/nitin_sundararaj,https://www.instagram.com/__.v_.i_.s_.h_.n_.u__
https://www.instagram.com/_rishikeshwaran_,https://www.instagram.com/__.v_.i_.s_.h_.n_.u__
https://www.instagram.com/adhavanalexander,https://www.instagram.com/__.v_.i_.s_.h_.n_.u__
https://www.instagram.com/___sallu___rocky___,https://www.instagram.com/__.v_.i_.s_.h_.n_.u__
https://www.instagram.com/dhayanandh_at,https://www.instagram.com/__.v_.i_.s_.h_.n_.u__
https://www.instagram.com/ttrnni,https://www.instagram.com/__.v_.i_.s_.h_.n_.u__
https://www.instagram.com/rj_mokshith,https://www.instagram.com/__.v_.i_.s_.h_.n_.u__
https://www.instagram.com/the_hacker_2.o,https://www.instagram.com/__.v_.i_.s_.h_.n_.u__
https://www.instagram.com/_the_eminent_artist_,https://www.instagram.com/__.v_.i_.s_.h_.n_.u__
https://www.instagram.com/__a.l.f.r.e.d,https://www.instagram.com/__nanthu__
https://www.instagram.com/terific_eswar,https://www.instagram.com/__nanthu__
https://www.instagram.com/manikandan_thamaraiselvan,https://www.instagram.com/__nanthu__
https://www.instagram.com/naveen_domnic,https://www.instagram.com/__nanthu__
https://www.instagram.com/b.nandagopal,https://www.instagram.com/__nanthu__
https://www.instagram.com/vijai_krissh,https://www.instagram.com/__nanthu__
https://www.instagram.com/ghost_gopal_2.o,https://www.instagram.com/__nanthu__
https://www.instagram.com/prasannavijay92,https://www.instagram.com/__nanthu__
https://www.instagram.com/parker_prasath__,https://www.instagram.com/__nanthu__
https://www.instagram.com/__a.l.f.r.e.d,https://www.instagram.com/parker_prasath__
https://www.instagram.com/srv2018passedouts,https://www.instagram.com/parker_prasath__
https://www.instagram.com/__nanthu__,https://www.instagram.com/parker_prasath__
https://www.instagram.com/b.nandagopal,https://www.instagram.com/parker_prasath__
https://www.instagram.com/ghost_gopal_2.o,https://www.instagram.com/parker_prasath__
https://www.instagram.com/kavii.07,https://www.instagram.com/parker_prasath__
https://www.instagram.com/__a.l.f.r.e.d,https://www.instagram.com/prasannavijay92
https://www.instagram.com/terific_eswar,https://www.instagram.com/prasannavijay92
https://www.instagram.com/prp_raj_praveen_12321,https://www.instagram.com/prasannavijay92
https://www.instagram.com/srv2018passedouts,https://www.instagram.com/prasannavijay92
https://www.instagram.com/sudar7san_vpm,https://www.instagram.com/prasannavijay92
https://www.instagram.com/__nanthu__,https://www.instagram.com/prasannavijay92
https://www.instagram.com/_.b.k.g._,https://www.instagram.com/prasannavijay92
https://www.instagram.com/manikandan_thamaraiselvan,https://www.instagram.com/prasannavijay92
https://www.instagram.com/naveen_domnic,https://www.instagram.com/prasannavijay92
https://www.instagram.com/_nithish_the_legend,https://www.instagram.com/prasannavijay92
https://www.instagram.com/vijai_krissh,https://www.instagram.com/prasannavijay92
https://www.instagram.com/ghost_gopal_2.o,https://www.instagram.com/prasannavijay92
https://www.instagram.com/parker_prasath__,https://www.instagram.com/prasannavijay92
https://www.instagram.com/__a.l.f.r.e.d,https://www.instagram.com/prp_raj_praveen_12321
https://www.instagram.com/manikandan_thamaraiselvan,https://www.instagram.com/prp_raj_praveen_12321
https://www.instagram.com/naveen_domnic,https://www.instagram.com/prp_raj_praveen_12321
https://www.instagram.com/vijai_krissh,https://www.instagram.com/prp_raj_praveen_12321
https://www.instagram.com/ghost_gopal_2.o,https://www.instagram.com/prp_raj_praveen_12321
https://www.instagram.com/prasannavijay92,https://www.instagram.com/prp_raj_praveen_12321
https://www.instagram.com/__a.l.f.r.e.d,https://www.instagram.com/naveen_domnic
https://www.instagram.com/prp_raj_praveen_12321,https://www.instagram.com/naveen_domnic
https://www.instagram.com/srv2018passedouts,https://www.instagram.com/naveen_domnic
https://www.instagram.com/__nanthu__,https://www.instagram.com/naveen_domnic
https://www.instagram.com/lewin_kingsly,https://www.instagram.com/naveen_domnic
https://www.instagram.com/parker_prasath__,https://www.instagram.com/naveen_domnic
https://www.instagram.com/sri_nagul_baskar,https://www.instagram.com/ajay133734
https://www.instagram.com/nitin_sundararaj,https://www.instagram.com/ajay133734
https://www.instagram.com/akil_yadhav,https://www.instagram.com/ajay133734
https://www.instagram.com/adhavanalexander,https://www.instagram.com/ajay133734
https://www.instagram.com/___sallu___rocky___,https://www.instagram.com/ajay133734
https://www.instagram.com/dhayanandh_at,https://www.instagram.com/ajay133734
https://www.instagram.com/srinath_nsk_,https://www.instagram.com/ajay133734
https://www.instagram.com/the_hacker_2.o,https://www.instagram.com/ajay133734
https://www.instagram.com/sri_nagul_baskar,https://www.instagram.com/events_at_coimbatore
https://www.instagram.com/akil_yadhav,https://www.instagram.com/events_at_coimbatore
https://www.instagram.com/a_shibu_musical_official,https://www.instagram.com/events_at_coimbatore
https://www.instagram.com/rj_mokshith,https://www.instagram.com/events_at_coimbatore
https://www.instagram.com/sri_nagul_baskar,https://www.instagram.com/__the_lonely_king__
https://www.instagram.com/nitin_sundararaj,https://www.instagram.com/__the_lonely_king__
https://www.instagram.com/____preetham____,https://www.instagram.com/__the_lonely_king__
https://www.instagram.com/_rishikeshwaran_,https://www.instagram.com/__the_lonely_king__
https://www.instagram.com/mrwirelessbrain,https://www.instagram.com/__the_lonely_king__
https://www.instagram.com/__.v_.i_.s_.h_.n_.u__,https://www.instagram.com/__the_lonely_king__
https://www.instagram.com/rohith_ck_,https://www.instagram.com/__the_lonely_king__
https://www.instagram.com/_.b.k.g._,https://www.instagram.com/__the_lonely_king__
https://www.instagram.com/adhavanalexander,https://www.instagram.com/__the_lonely_king__
https://www.instagram.com/___sallu___rocky___,https://www.instagram.com/__the_lonely_king__
https://www.instagram.com/dhayanandh_at,https://www.instagram.com/__the_lonely_king__
https://www.instagram.com/ttrnni,https://www.instagram.com/__the_lonely_king__
https://www.instagram.com/rj_mokshith,https://www.instagram.com/__the_lonely_king__
https://www.instagram.com/the_hacker_2.o,https://www.instagram.com/__the_lonely_king__
https://www.instagram.com/_the_eminent_artist_,https://www.instagram.com/__the_lonely_king__
https://www.instagram.com/sri_nagul_baskar,https://www.instagram.com/nitin_sundararaj
https://www.instagram.com/____preetham____,https://www.instagram.com/nitin_sundararaj
https://www.instagram.com/mrwirelessbrain,https://www.instagram.com/nitin_sundararaj
https://www.instagram.com/__.v_.i_.s_.h_.n_.u__,https://www.instagram.com/nitin_sundararaj
https://www.instagram.com/adhavanalexander,https://www.instagram.com/nitin_sundararaj
https://www.instagram.com/___sallu___rocky___,https://www.instagram.com/nitin_sundararaj
https://www.instagram.com/dhayanandh_at,https://www.instagram.com/nitin_sundararaj
https://www.instagram.com/ttrnni,https://www.instagram.com/nitin_sundararaj
https://www.instagram.com/rj_mokshith,https://www.instagram.com/nitin_sundararaj
https://www.instagram.com/the_hacker_2.o,https://www.instagram.com/nitin_sundararaj
https://www.instagram.com/_the_eminent_artist_,https://www.instagram.com/nitin_sundararaj
https://www.instagram.com/sri_nagul_baskar,https://www.instagram.com/an_engineer_sketch
https://www.instagram.com/adhavanalexander,https://www.instagram.com/an_engineer_sketch
https://www.instagram.com/ilayaraja033,https://www.instagram.com/an_engineer_sketch
https://www.instagram.com/_the_eminent_artist_,https://www.instagram.com/an_engineer_sketch
https://www.instagram.com/sri_nagul_baskar,https://www.instagram.com/rohith_ck_
https://www.instagram.com/adhavanalexander,https://www.instagram.com/rohith_ck_
https://www.instagram.com/___sallu___rocky___,https://www.instagram.com/rohith_ck_
https://www.instagram.com/dhayanandh_at,https://www.instagram.com/rohith_ck_
https://www.instagram.com/ttrnni,https://www.instagram.com/rohith_ck_
https://www.instagram.com/the_hacker_2.o,https://www.instagram.com/rohith_ck_
https://www.instagram.com/_the_eminent_artist_,https://www.instagram.com/rohith_ck_
https://www.instagram.com/sri_nagul_baskar,https://www.instagram.com/_rishikeshwaran_
https://www.instagram.com/sak_ajmal298,https://www.instagram.com/_rishikeshwaran_
https://www.instagram.com/____preetham____,https://www.instagram.com/_rishikeshwaran_
https://www.instagram.com/adhavanalexander,https://www.instagram.com/_rishikeshwaran_
https://www.instagram.com/___sallu___rocky___,https://www.instagram.com/_rishikeshwaran_
https://www.instagram.com/dhayanandh_at,https://www.instagram.com/_rishikeshwaran_
https://www.instagram.com/ttrnni,https://www.instagram.com/_rishikeshwaran_
https://www.instagram.com/rj_mokshith,https://www.instagram.com/_rishikeshwaran_
https://www.instagram.com/the_hacker_2.o,https://www.instagram.com/_rishikeshwaran_
https://www.instagram.com/sri_nagul_baskar,https://www.instagram.com/dhayanandh_at
https://www.instagram.com/nitin_sundararaj,https://www.instagram.com/dhayanandh_at
https://www.instagram.com/sak_ajmal298,https://www.instagram.com/dhayanandh_at
https://www.instagram.com/____preetham____,https://www.instagram.com/dhayanandh_at
https://www.instagram.com/_rishikeshwaran_,https://www.instagram.com/dhayanandh_at
https://www.instagram.com/mrwirelessbrain,https://www.instagram.com/dhayanandh_at
https://www.instagram.com/ajay133734,https://www.instagram.com/dhayanandh_at
https://www.instagram.com/book_ishq,https://www.instagram.com/dhayanandh_at
https://www.instagram.com/adhavanalexander,https://www.instagram.com/dhayanandh_at
https://www.instagram.com/___sallu___rocky___,https://www.instagram.com/dhayanandh_at
https://www.instagram.com/events_at_coimbatore,https://www.instagram.com/dhayanandh_at
https://www.instagram.com/ttrnni,https://www.instagram.com/dhayanandh_at
https://www.instagram.com/rj_mokshith,https://www.instagram.com/dhayanandh_at
https://www.instagram.com/the_hacker_2.o,https://www.instagram.com/dhayanandh_at
https://www.instagram.com/_the_eminent_artist_,https://www.instagram.com/dhayanandh_at
https://www.instagram.com/sri_nagul_baskar,https://www.instagram.com/sleeper_cellz_of_psg
https://www.instagram.com/____preetham____,https://www.instagram.com/sleeper_cellz_of_psg
https://www.instagram.com/__.v_.i_.s_.h_.n_.u__,https://www.instagram.com/sleeper_cellz_of_psg
https://www.instagram.com/akil_yadhav,https://www.instagram.com/sleeper_cellz_of_psg
https://www.instagram.com/ajey729,https://www.instagram.com/sleeper_cellz_of_psg
https://www.instagram.com/___sallu___rocky___,https://www.instagram.com/sleeper_cellz_of_psg
https://www.instagram.com/a_shibu_musical_official,https://www.instagram.com/sleeper_cellz_of_psg
https://www.instagram.com/ttrnni,https://www.instagram.com/sleeper_cellz_of_psg
https://www.instagram.com/rj_mokshith,https://www.instagram.com/sleeper_cellz_of_psg
https://www.instagram.com/camera_2081,https://www.instagram.com/sri_ram_aravind_sai
https://www.instagram.com/ananth_wolf,https://www.instagram.com/sri_ram_aravind_sai
https://www.instagram.com/lordboros2000,https://www.instagram.com/sri_ram_aravind_sai
https://www.instagram.com/___sallu___rocky___,https://www.instagram.com/sri_ram_aravind_sai
https://www.instagram.com/ak__photography0007,https://www.instagram.com/sri_ram_aravind_sai
https://www.instagram.com/camera_2081,https://www.instagram.com/being_h_uman
https://www.instagram.com/c_a_p_t_u_r_e__2081,https://www.instagram.com/being_h_uman
https://www.instagram.com/aakash1072000,https://www.instagram.com/being_h_uman
https://www.instagram.com/lordboros2000,https://www.instagram.com/being_h_uman
https://www.instagram.com/h_e_a_v_e_n_b_o_y_0001,https://www.instagram.com/being_h_uman
https://www.instagram.com/_bad_revan_,https://www.instagram.com/being_h_uman
https://www.instagram.com/camera_2081,https://www.instagram.com/aakash1072000
https://www.instagram.com/c_a_p_t_u_r_e__2081,https://www.instagram.com/aakash1072000
https://www.instagram.com/lordboros2000,https://www.instagram.com/aakash1072000
https://www.instagram.com/h_e_a_v_e_n_b_o_y_0001,https://www.instagram.com/aakash1072000
https://www.instagram.com/being_h_uman,https://www.instagram.com/aakash1072000
https://www.instagram.com/_bad_revan_,https://www.instagram.com/aakash1072000
https://www.instagram.com/camera_2081,https://www.instagram.com/c_a_p_t_u_r_e__2081
https://www.instagram.com/aakash1072000,https://www.instagram.com/c_a_p_t_u_r_e__2081
https://www.instagram.com/lordboros2000,https://www.instagram.com/c_a_p_t_u_r_e__2081
https://www.instagram.com/h_e_a_v_e_n_b_o_y_0001,https://www.instagram.com/c_a_p_t_u_r_e__2081
https://www.instagram.com/being_h_uman,https://www.instagram.com/c_a_p_t_u_r_e__2081
https://www.instagram.com/_bad_revan_,https://www.instagram.com/c_a_p_t_u_r_e__2081
https://www.instagram.com/arunbarathdhon,https://www.instagram.com/arunbarath53
https://www.instagram.com/_dhavadeep_,https://www.instagram.com/arunbarath53
https://www.instagram.com/arunbarathdhon,https://www.instagram.com/asridhar8
https://www.instagram.com/_dhavaseelan,https://www.instagram.com/asridhar8
https://www.instagram.com/arunbarathdhon,https://www.instagram.com/arun.barath.54
https://www.instagram.com/arunbarath53,https://www.instagram.com/arun.barath.54
https://www.instagram.com/arunbarath53,https://www.instagram.com/_dhavadeep_
https://www.instagram.com/arunbarath53,https://www.instagram.com/_dhavaseelan
https://www.instagram.com/asridhar8,https://www.instagram.com/_dhavaseelan
https://www.instagram.com/arunbarath53,https://www.instagram.com/arunbarathdhon
https://www.instagram.com/lordboros2000,https://www.instagram.com/arunbarathdhon
https://www.instagram.com/arun.barath.54,https://www.instagram.com/lordboros2000
https://www.instagram.com/ananth_wolf,https://www.instagram.com/lordboros2000
https://www.instagram.com/c_a_p_t_u_r_e__2081,https://www.instagram.com/lordboros2000
https://www.instagram.com/aakash1072000,https://www.instagram.com/lordboros2000
https://www.instagram.com/being_h_uman,https://www.instagram.com/lordboros2000
https://www.instagram.com/_bad_revan_,https://www.instagram.com/lordboros2000
https://www.instagram.com/sri_ram_aravind_sai,https://www.instagram.com/lordboros2000
https://www.instagram.com/ak__photography0007,https://www.instagram.com/lordboros2000
https://www.instagram.com/____preetham____,https://www.instagram.com/sak_ajmal298
https://www.instagram.com/___sallu___rocky___,https://www.instagram.com/sak_ajmal298
https://www.instagram.com/dhayanandh_at,https://www.instagram.com/sak_ajmal298
https://www.instagram.com/rj_mokshith,https://www.instagram.com/sak_ajmal298
https://www.instagram.com/____preetham____,https://www.instagram.com/book_ishq
https://www.instagram.com/adhavanalexander,https://www.instagram.com/book_ishq
https://www.instagram.com/dhayanandh_at,https://www.instagram.com/book_ishq
https://www.instagram.com/rj_mokshith,https://www.instagram.com/book_ishq
https://www.instagram.com/terific_eswar,https://www.instagram.com/lewin_kingsly
https://www.instagram.com/_.b.k.g._,https://www.instagram.com/lewin_kingsly
https://www.instagram.com/manikandan_thamaraiselvan,https://www.instagram.com/lewin_kingsly
https://www.instagram.com/naveen_domnic,https://www.instagram.com/lewin_kingsly
https://www.instagram.com/_nithish_the_legend,https://www.instagram.com/lewin_kingsly
https://www.instagram.com/vijai_krissh,https://www.instagram.com/lewin_kingsly
https://www.instagram.com/terific_eswar,https://www.instagram.com/_nithish_the_legend
https://www.instagram.com/srv2018passedouts,https://www.instagram.com/_nithish_the_legend
https://www.instagram.com/manikandan_thamaraiselvan,https://www.instagram.com/_nithish_the_legend
https://www.instagram.com/prasannavijay92,https://www.instagram.com/_nithish_the_legend
https://www.instagram.com/terific_eswar,https://www.instagram.com/vijai_krissh
https://www.instagram.com/srv2018passedouts,https://www.instagram.com/vijai_krissh
https://www.instagram.com/sudar7san_vpm,https://www.instagram.com/vijai_krissh
https://www.instagram.com/__nanthu__,https://www.instagram.com/vijai_krissh
https://www.instagram.com/manikandan_thamaraiselvan,https://www.instagram.com/vijai_krissh
https://www.instagram.com/_nithish_the_legend,https://www.instagram.com/vijai_krissh
https://www.instagram.com/b.nandagopal,https://www.instagram.com/vijai_krissh
https://www.instagram.com/ghost_gopal_2.o,https://www.instagram.com/vijai_krissh
https://www.instagram.com/prasannavijay92,https://www.instagram.com/vijai_krissh
https://www.instagram.com/terific_eswar,https://www.instagram.com/srv2018passedouts
https://www.instagram.com/_.b.k.g._,https://www.instagram.com/srv2018passedouts
https://www.instagram.com/_well_wisher.__,https://www.instagram.com/srv2018passedouts
https://www.instagram.com/manikandan_thamaraiselvan,https://www.instagram.com/srv2018passedouts
https://www.instagram.com/naveen_domnic,https://www.instagram.com/srv2018passedouts
https://www.instagram.com/_nithish_the_legend,https://www.instagram.com/srv2018passedouts
https://www.instagram.com/vijai_krissh,https://www.instagram.com/srv2018passedouts
https://www.instagram.com/prasannavijay92,https://www.instagram.com/srv2018passedouts
https://www.instagram.com/terific_eswar,https://www.instagram.com/manikandan_thamaraiselvan
https://www.instagram.com/prp_raj_praveen_12321,https://www.instagram.com/manikandan_thamaraiselvan
https://www.instagram.com/srv2018passedouts,https://www.instagram.com/manikandan_thamaraiselvan
https://www.instagram.com/__nanthu__,https://www.instagram.com/manikandan_thamaraiselvan
https://www.instagram.com/_.b.k.g._,https://www.instagram.com/manikandan_thamaraiselvan
https://www.instagram.com/lewin_kingsly,https://www.instagram.com/manikandan_thamaraiselvan
https://www.instagram.com/_well_wisher.__,https://www.instagram.com/manikandan_thamaraiselvan
https://www.instagram.com/_nithish_the_legend,https://www.instagram.com/manikandan_thamaraiselvan
https://www.instagram.com/b.nandagopal,https://www.instagram.com/manikandan_thamaraiselvan
https://www.instagram.com/vijai_krissh,https://www.instagram.com/manikandan_thamaraiselvan
https://www.instagram.com/ghost_gopal_2.o,https://www.instagram.com/manikandan_thamaraiselvan
https://www.instagram.com/prasannavijay92,https://www.instagram.com/manikandan_thamaraiselvan
https://www.instagram.com/terific_eswar,https://www.instagram.com/_well_wisher.__
https://www.instagram.com/srv2018passedouts,https://www.instagram.com/_well_wisher.__
https://www.instagram.com/manikandan_thamaraiselvan,https://www.instagram.com/_well_wisher.__
https://www.instagram.com/b.nandagopal,https://www.instagram.com/_well_wisher.__
https://www.instagram.com/vijai_krissh,https://www.instagram.com/_well_wisher.__
https://www.instagram.com/ghost_gopal_2.o,https://www.instagram.com/_well_wisher.__
https://www.instagram.com/prp_raj_praveen_12321,https://www.instagram.com/__a.l.f.r.e.d
https://www.instagram.com/srv2018passedouts,https://www.instagram.com/__a.l.f.r.e.d
https://www.instagram.com/__nanthu__,https://www.instagram.com/__a.l.f.r.e.d
https://www.instagram.com/naveen_domnic,https://www.instagram.com/__a.l.f.r.e.d
https://www.instagram.com/prasannavijay92,https://www.instagram.com/__a.l.f.r.e.d
https://www.instagram.com/parker_prasath__,https://www.instagram.com/__a.l.f.r.e.d
https://www.instagram.com/ananth_wolf,https://www.instagram.com/ak__photography0007
https://www.instagram.com/lordboros2000,https://www.instagram.com/ak__photography0007
https://www.instagram.com/sri_ram_aravind_sai,https://www.instagram.com/ak__photography0007
https://www.instagram.com/c_a_p_t_u_r_e__2081,https://www.instagram.com/camera_2081
https://www.instagram.com/aakash1072000,https://www.instagram.com/camera_2081
https://www.instagram.com/being_h_uman,https://www.instagram.com/camera_2081
https://www.instagram.com/c_a_p_t_u_r_e__2081,https://www.instagram.com/h_e_a_v_e_n_b_o_y_0001
https://www.instagram.com/aakash1072000,https://www.instagram.com/h_e_a_v_e_n_b_o_y_0001
https://www.instagram.com/lordboros2000,https://www.instagram.com/h_e_a_v_e_n_b_o_y_0001
https://www.instagram.com/being_h_uman,https://www.instagram.com/h_e_a_v_e_n_b_o_y_0001
https://www.instagram.com/c_a_p_t_u_r_e__2081,https://www.instagram.com/_bad_revan_
https://www.instagram.com/aakash1072000,https://www.instagram.com/_bad_revan_
https://www.instagram.com/lordboros2000,https://www.instagram.com/_bad_revan_
https://www.instagram.com/being_h_uman,https://www.instagram.com/_bad_revan_
https://www.instagram.com/aakash1072000,https://www.instagram.com/newbharathschooltiruvarur
https://www.instagram.com/lordboros2000,https://www.instagram.com/ananth_wolf
https://www.instagram.com/sri_ram_aravind_sai,https://www.instagram.com/ananth_wolf
https://www.instagram.com/ak__photography0007,https://www.instagram.com/ananth_wolf
https://www.instagram.com/srv2018passedouts,https://www.instagram.com/terific_eswar
https://www.instagram.com/__nanthu__,https://www.instagram.com/terific_eswar
https://www.instagram.com/_.b.k.g._,https://www.instagram.com/terific_eswar
https://www.instagram.com/lewin_kingsly,https://www.instagram.com/terific_eswar
https://www.instagram.com/_well_wisher.__,https://www.instagram.com/terific_eswar
https://www.instagram.com/manikandan_thamaraiselvan,https://www.instagram.com/terific_eswar
https://www.instagram.com/_nithish_the_legend,https://www.instagram.com/terific_eswar
https://www.instagram.com/vijai_krissh,https://www.instagram.com/terific_eswar
https://www.instagram.com/prasannavijay92,https://www.instagram.com/terific_eswar
https://www.instagram.com/sudar7san_vpm,https://www.instagram.com/b.nandagopal
https://www.instagram.com/__nanthu__,https://www.instagram.com/b.nandagopal
https://www.instagram.com/manikandan_thamaraiselvan,https://www.instagram.com/b.nandagopal
https://www.instagram.com/_nithish_the_legend,https://www.instagram.com/b.nandagopal
https://www.instagram.com/vijai_krissh,https://www.instagram.com/b.nandagopal
https://www.instagram.com/parker_prasath__,https://www.instagram.com/b.nandagopal
https://www.instagram.com/__nanthu__,https://www.instagram.com/ghost_gopal_2.o
https://www.instagram.com/manikandan_thamaraiselvan,https://www.instagram.com/ghost_gopal_2.o
https://www.instagram.com/b.nandagopal,https://www.instagram.com/ghost_gopal_2.o
https://www.instagram.com/parker_prasath__,https://www.instagram.com/ghost_gopal_2.o
https://www.instagram.com/projects_360_,https://www.instagram.com/ashwin7818
https://www.instagram.com/adhavanalexander,https://www.instagram.com/ashwin7818
https://www.instagram.com/___sallu___rocky___,https://www.instagram.com/ashwin7818
https://www.instagram.com/_.b.k.g._,https://www.instagram.com/ilayaraja033
https://www.instagram.com/an_engineer_sketch,https://www.instagram.com/ilayaraja033
https://www.instagram.com/___sallu___rocky___,https://www.instagram.com/ilayaraja033
https://www.instagram.com/a_shibu_musical_official,https://www.instagram.com/ilayaraja033
https://www.instagram.com/_bad_revan_,https://www.instagram.com/ilayaraja033
https://www.instagram.com/_the_eminent_artist_,https://www.instagram.com/ilayaraja033
https://www.instagram.com/_.b.k.g._,https://www.instagram.com/sudar7san_vpm
https://www.instagram.com/lewin_kingsly,https://www.instagram.com/sudar7san_vpm
https://www.instagram.com/_nithish_the_legend,https://www.instagram.com/sudar7san_vpm
https://www.instagram.com/b.nandagopal,https://www.instagram.com/sudar7san_vpm
https://www.instagram.com/vijai_krissh,https://www.instagram.com/sudar7san_vpm
https://www.instagram.com/_.b.k.g._,https://www.instagram.com/srinath_nsk_
https://www.instagram.com/akil_yadhav,https://www.instagram.com/srinath_nsk_
https://www.instagram.com/adhavanalexander,https://www.instagram.com/srinath_nsk_
https://www.instagram.com/___sallu___rocky___,https://www.instagram.com/srinath_nsk_
https://www.instagram.com/a_shibu_musical_official,https://www.instagram.com/srinath_nsk_
https://www.instagram.com/akil_yadhav,https://www.instagram.com/projects_360_
https://www.instagram.com/___sallu___rocky___,https://www.instagram.com/sanjay_sandy3
https://www.instagram.com/a_shibu_musical_official,https://www.instagram.com/_pirate_10
https://www.instagram.com/rj_mokshith,https://www.instagram.com/manojh_sivakumar
https://www.instagram.com/parker_prasath__,https://www.instagram.com/kavii.07
https://www.instagram.com/_.deen_rifa._,
https://www.instagram.com/black_pearl_sri,
https://www.instagram.com/pavithra_kumar_t,
https://www.instagram.com/prabu414,
https://www.instagram.com/sridhar.362,
