query,timestamp,error,profileUrl,username,fullName,imgUrl,id,isPrivate,isVerified,followedByViewer
https://www.instagram.com/aruntrendzzz,2021-03-03T06:59:31.156Z,,https://www.instagram.com/kripaa_26,kripaa_26,Kripaa H,https://scontent-lga3-2.cdninstagram.com/v/t51.2885-19/s150x150/127704057_382722732815924_6633008991963850859_n.jpg?tp=1&_nc_ht=scontent-lga3-2.cdninstagram.com&_nc_ohc=51Uw8KkUkS4AX80vM3N&oh=5440faf7644de56e1a86ab1cb05ab1bc&oe=606A0F0A,39875446171,TRUE,FALSE,FALSE
https://www.instagram.com/aruntrendzzz,2021-03-03T06:59:31.156Z,,https://www.instagram.com/pikachoo._.22,pikachoo._.22,Lakshmi Pavithra,https://scontent-lga3-2.cdninstagram.com/v/t51.2885-19/s150x150/143604652_115432840496765_2977892215696550008_n.jpg?tp=1&_nc_ht=scontent-lga3-2.cdninstagram.com&_nc_ohc=HhoCiOpW_LQAX_PScnp&oh=6d8a7fff4b9edef57f00f08c79446c2e&oe=606A261C,45636694425,TRUE,FALSE,FALSE
https://www.instagram.com/aruntrendzzz,2021-03-03T06:59:31.156Z,,https://www.instagram.com/dhivya.kamalesh,dhivya.kamalesh,,https://scontent-lga3-2.cdninstagram.com/v/t51.2885-19/s150x150/143946742_1242935016108284_3485201014643663347_n.jpg?tp=1&_nc_ht=scontent-lga3-2.cdninstagram.com&_nc_ohc=OIxAkO5sllUAX8Unt0N&oh=fc47b18035c564cd876fb57ffa89e674&oe=606986D7,39985415549,TRUE,FALSE,FALSE
https://www.instagram.com/aruntrendzzz,2021-03-03T06:59:31.156Z,,https://www.instagram.com/pavithra_kumar_t,pavithra_kumar_t,pavithrakumar,https://scontent-lga3-2.cdninstagram.com/v/t51.2885-19/s150x150/89043631_223895625326043_6020085195846189056_n.jpg?tp=1&_nc_ht=scontent-lga3-2.cdninstagram.com&_nc_ohc=QhL641vUk1oAX8n8Lu8&oh=962b84c750e3b49cc7aed4edd350ff74&oe=60689939,8177286479,FALSE,FALSE,FALSE
https://www.instagram.com/aruntrendzzz,2021-03-03T06:59:31.156Z,,https://www.instagram.com/rohith_ck_,rohith_ck_,Rohit Ram,https://scontent-lga3-2.cdninstagram.com/v/t51.2885-19/s150x150/26865739_189851938269055_860647429630853120_n.jpg?tp=1&_nc_ht=scontent-lga3-2.cdninstagram.com&_nc_ohc=w41o-vZ9Zy0AX-sTnPT&oh=6c3af81b7ad1a8cee919c9a754522c0c&oe=6067CDEC,4227340657,FALSE,FALSE,FALSE
https://www.instagram.com/aruntrendzzz,2021-03-03T06:59:31.156Z,,https://www.instagram.com/cinema_cine_update,cinema_cine_update,Subscrb2 üëâCinema Cine Update üé•,https://scontent-lga3-2.cdninstagram.com/v/t51.2885-19/s150x150/122705027_1882254788583302_8190279579584878720_n.jpg?tp=1&_nc_ht=scontent-lga3-2.cdninstagram.com&_nc_ohc=Jfw0UhFcz90AX8zvugN&oh=9ba4d440e39d236987752a42c465ae28&oe=60691FE4,44240746687,FALSE,FALSE,FALSE
https://www.instagram.com/aruntrendzzz,2021-03-03T06:59:31.156Z,,https://www.instagram.com/naveenkishore_29,naveenkishore_29,Í™ÄÍ™ñÍ™úÍ´ÄÍ´ÄÍ™Äüíû,https://scontent-lga3-2.cdninstagram.com/v/t51.2885-19/s150x150/134090665_798592260693442_7709815269250673757_n.jpg?tp=1&_nc_ht=scontent-lga3-2.cdninstagram.com&_nc_ohc=lQ4vmbmIGiUAX80HmI4&oh=60f065e5c52eb777d387a3d8cde7a89a&oe=606A0699,17621914347,TRUE,FALSE,FALSE
https://www.instagram.com/aruntrendzzz,2021-03-03T06:59:31.156Z,,https://www.instagram.com/__.magizh.__,__.magizh.__,Janakiraman Jana,https://scontent-lga3-2.cdninstagram.com/v/t51.2885-19/s150x150/155525168_816853172241553_1491823625237186450_n.jpg?tp=1&_nc_ht=scontent-lga3-2.cdninstagram.com&_nc_ohc=Hiq4AxL1Ex4AX8nfdx2&oh=850bc5bfaabb30d6082b6b9faf6f076e&oe=606A1EAA,8530773975,TRUE,FALSE,FALSE
https://www.instagram.com/aruntrendzzz,2021-03-03T06:59:31.156Z,,https://www.instagram.com/_arjun_pyaar_,_arjun_pyaar_,Arjunvishwa,https://scontent-lga3-2.cdninstagram.com/v/t51.2885-19/s150x150/104980826_305299590859350_6848897723600540515_n.jpg?tp=1&_nc_ht=scontent-lga3-2.cdninstagram.com&_nc_ohc=tW2X3JtnHDkAX-Nt2M4&oh=f5b968d389076562ef634aaf5095290b&oe=6068057A,11179771673,TRUE,FALSE,FALSE
https://www.instagram.com/aruntrendzzz,2021-03-03T06:59:31.156Z,,https://www.instagram.com/karthi_ruffain,karthi_ruffain,,https://instagram.feoh6-1.fna.fbcdn.net/v/t51.2885-19/44884218_345707102882519_2446069589734326272_n.jpg?_nc_ht=instagram.feoh6-1.fna.fbcdn.net&_nc_ohc=tLi1JZxA-MoAX8bWF1e&oh=665ac7588bab3c557d3034bd338ba1a3&oe=6067CF8F&ig_cache_key=YW5vbnltb3VzX3Byb2ZpbGVfcGlj.2,5371130787,TRUE,FALSE,FALSE
https://www.instagram.com/aruntrendzzz,2021-03-03T06:59:31.156Z,,https://www.instagram.com/a_magical_universe,a_magical_universe,,https://scontent-lga3-2.cdninstagram.com/v/t51.2885-19/s150x150/125972909_100730411851346_8564279654825676689_n.jpg?tp=1&_nc_ht=scontent-lga3-2.cdninstagram.com&_nc_ohc=XIP0NYUSjuwAX_CZ1tt&oh=a538a4dd974a21dd94d81ee18fad1b12&oe=606A36BE,44477335984,FALSE,FALSE,FALSE
https://www.instagram.com/aruntrendzzz,2021-03-03T06:59:31.156Z,,https://www.instagram.com/_srv_naiyandi_02,_srv_naiyandi_02,_srv_kalavani_,https://scontent-lga3-2.cdninstagram.com/v/t51.2885-19/s150x150/127925134_1227628087634811_4907548652509477298_n.jpg?tp=1&_nc_ht=scontent-lga3-2.cdninstagram.com&_nc_ohc=Fcge2ru_PQUAX8IHbbM&oh=6c0b03717d7f9b91d7ff30fa1e3b11f2&oe=60679D04,44695326731,FALSE,FALSE,FALSE
https://www.instagram.com/aruntrendzzz,2021-03-03T06:59:31.156Z,,https://www.instagram.com/lords_zeus_10,lords_zeus_10,SRIRAM/RAGHAVA,https://scontent-lga3-2.cdninstagram.com/v/t51.2885-19/s150x150/155341562_243439547438517_7543695202542304510_n.jpg?tp=1&_nc_ht=scontent-lga3-2.cdninstagram.com&_nc_ohc=G0wOP65O8IcAX_HAnja&oh=8feed47e8c5b9a5a2f597b9f84d8ab2a&oe=60678682,39520543567,TRUE,FALSE,FALSE
https://www.instagram.com/aruntrendzzz,2021-03-03T06:59:31.156Z,,https://www.instagram.com/2267.ram,2267.ram,Ram,https://scontent-lga3-2.cdninstagram.com/v/t51.2885-19/s150x150/127001566_787559801824695_3538459418377223417_n.jpg?tp=1&_nc_ht=scontent-lga3-2.cdninstagram.com&_nc_ohc=CgzERcsJkUsAX9TR-z7&oh=6bef02b8ae362185706d0aed836e132c&oe=606841D5,21726456077,FALSE,FALSE,FALSE
https://www.instagram.com/aruntrendzzz,2021-03-03T06:59:31.156Z,,https://www.instagram.com/anand_rocky_84,anand_rocky_84,anand,https://scontent-lga3-2.cdninstagram.com/v/t51.2885-19/s150x150/121499315_802303687193488_8762123284681332639_n.jpg?tp=1&_nc_ht=scontent-lga3-2.cdninstagram.com&_nc_ohc=mMQ1lku3euEAX-fviLj&oh=e7ed07ab52378bbb10e898c936ac4097&oe=60677403,31253587269,FALSE,FALSE,FALSE
https://www.instagram.com/aruntrendzzz,2021-03-03T06:59:31.156Z,,https://www.instagram.com/__vjabishek__,__vjabishek__,ùòº ùòΩ ùôÑ ùôé ùôÉ ùôÄ ùôÜ,https://scontent-lga3-2.cdninstagram.com/v/t51.2885-19/s150x150/125772633_690921314960423_8117454695853743849_n.jpg?tp=1&_nc_ht=scontent-lga3-2.cdninstagram.com&_nc_ohc=-97GdTe8jI4AX8LZZeq&oh=b5b1e08549c4598d01cb7ba9c8d96511&oe=6067995D,3303334508,TRUE,FALSE,FALSE
https://www.instagram.com/aruntrendzzz,2021-03-03T06:59:31.156Z,,https://www.instagram.com/vinnil_irudhu,vinnil_irudhu,vinnil irudhu,https://instagram.feoh6-1.fna.fbcdn.net/v/t51.2885-19/44884218_345707102882519_2446069589734326272_n.jpg?_nc_ht=instagram.feoh6-1.fna.fbcdn.net&_nc_ohc=tLi1JZxA-MoAX8bWF1e&oh=665ac7588bab3c557d3034bd338ba1a3&oe=6067CF8F&ig_cache_key=YW5vbnltb3VzX3Byb2ZpbGVfcGlj.2,30014569980,FALSE,FALSE,FALSE
https://www.instagram.com/aruntrendzzz,2021-03-03T06:59:31.156Z,,https://www.instagram.com/diary_milk_5,diary_milk_5,pavi,https://scontent-lga3-2.cdninstagram.com/v/t51.2885-19/s150x150/103661977_3577150295646530_303537074585147783_n.jpg?tp=1&_nc_ht=scontent-lga3-2.cdninstagram.com&_nc_ohc=BB1HAW0RCi4AX9n7gHU&oh=d537064865702257f7e00e35602ee723&oe=606985D8,18998475703,FALSE,FALSE,FALSE
https://www.instagram.com/aruntrendzzz,2021-03-03T06:59:31.156Z,,https://www.instagram.com/lewin_kingsly,lewin_kingsly,Kingsly,https://scontent-lga3-2.cdninstagram.com/v/t51.2885-19/s150x150/131372806_856555491572550_8638676862945997931_n.jpg?tp=1&_nc_ht=scontent-lga3-2.cdninstagram.com&_nc_ohc=5mQ0rV8rcTkAX_qW-0E&oh=0513aeed61972c818c2fedc8b379aea3&oe=6068D8B1,8689627816,FALSE,FALSE,FALSE
https://www.instagram.com/aruntrendzzz,2021-03-03T06:59:31.156Z,,https://www.instagram.com/sridhar.362,sridhar.362,sridhar. a,https://scontent-lga3-2.cdninstagram.com/v/t51.2885-19/s150x150/126186022_425874611779550_597644051289849939_n.jpg?tp=1&_nc_ht=scontent-lga3-2.cdninstagram.com&_nc_ohc=uYNiAXNhJz0AX9paWIW&oh=cacc3cd8ce2f508e038f21d512bea996&oe=60684757,43012048370,FALSE,FALSE,FALSE
https://www.instagram.com/aruntrendzzz,2021-03-03T06:59:31.156Z,,https://www.instagram.com/_nithish_the_legend,_nithish_the_legend,üíïùôâùôûùô©ùôùùôûùô®ùôùùô¢ùô§ùôùùôñùóª‚ó¶‚Ä¢‚óè‚óâ‚úø,https://scontent-lga3-2.cdninstagram.com/v/t51.2885-19/s150x150/119544501_607238329947467_8762798038161901873_n.jpg?tp=1&_nc_ht=scontent-lga3-2.cdninstagram.com&_nc_ohc=ikt6U2oM380AX-aTaCu&oh=3e85341a6d9a8f6ae060505aab558afa&oe=6068E4A6,16889754772,FALSE,FALSE,FALSE
https://www.instagram.com/aruntrendzzz,2021-03-03T06:59:31.156Z,,https://www.instagram.com/rv.abar,rv.abar,üíôAbarnaRenganathanüíô......,https://scontent-lga3-2.cdninstagram.com/v/t51.2885-19/s150x150/154145802_180985730190137_3928886903022045067_n.jpg?tp=1&_nc_ht=scontent-lga3-2.cdninstagram.com&_nc_ohc=jJxCx5kRazkAX9fcuqI&oh=070e45d96b342df274f5c22220c4717d&oe=60671E72,27281071628,TRUE,FALSE,FALSE
https://www.instagram.com/aruntrendzzz,2021-03-03T06:59:31.156Z,,https://www.instagram.com/only.rajinism,only.rajinism,Rajini The Boss,https://scontent-lga3-2.cdninstagram.com/v/t51.2885-19/s150x150/119137252_348874276305566_3462223925975316178_n.jpg?tp=1&_nc_ht=scontent-lga3-2.cdninstagram.com&_nc_ohc=r8su73VYD2IAX9HUBx9&oh=c21942ada323add6ff2b8841c6362219&oe=606727E2,41637128904,FALSE,FALSE,FALSE
https://www.instagram.com/aruntrendzzz,2021-03-03T06:59:31.156Z,,https://www.instagram.com/naveen_fs,naveen_fs,Naveen Fsüñ§,https://scontent-lga3-2.cdninstagram.com/v/t51.2885-19/s150x150/152394507_128657129161106_4481366317370880043_n.jpg?tp=1&_nc_ht=scontent-lga3-2.cdninstagram.com&_nc_ohc=OBM2geO4dbsAX8EfV5l&oh=fd1390cb7323b9b1eb93a4396481dae5&oe=6069A1F9,7755037132,FALSE,FALSE,FALSE
https://www.instagram.com/aruntrendzzz,2021-03-03T06:59:31.873Z,,https://www.instagram.com/ilayaraja033,ilayaraja033,ilayaraja,https://scontent-lga3-2.cdninstagram.com/v/t51.2885-19/s150x150/106260842_597571654210319_3926831082972260752_n.jpg?tp=1&_nc_ht=scontent-lga3-2.cdninstagram.com&_nc_ohc=4xRxG_V858UAX94WsyK&oh=520c966c99f85d28306de7a20f4b0778&oe=60680311,6774181546,FALSE,FALSE,FALSE
https://www.instagram.com/aruntrendzzz,2021-03-03T06:59:31.873Z,,https://www.instagram.com/parthasaarathy_,parthasaarathy_,Partha Saarathy,https://scontent-lga3-2.cdninstagram.com/v/t51.2885-19/s150x150/107288170_756557761822775_6831972981713655562_n.jpg?tp=1&_nc_ht=scontent-lga3-2.cdninstagram.com&_nc_ohc=4CYZRk9IodsAX9pgUfW&oh=d95afe28bf35fd705e4055afea19a884&oe=6066EAF0,8383915417,TRUE,FALSE,FALSE
https://www.instagram.com/aruntrendzzz,2021-03-03T06:59:31.873Z,,https://www.instagram.com/nonpareil__sanjais,nonpareil__sanjais,$@√ëj@√ç S,https://scontent-lga3-2.cdninstagram.com/v/t51.2885-19/s150x150/80753995_2532045280399524_8359185034480975872_n.jpg?tp=1&_nc_ht=scontent-lga3-2.cdninstagram.com&_nc_ohc=jvUBdwUwbeUAX9jGxGU&oh=25d09a9712dd9edd681d93609346e9cd&oe=6066E39C,4648290214,TRUE,FALSE,FALSE
https://www.instagram.com/aruntrendzzz,2021-03-03T06:59:31.873Z,,https://www.instagram.com/_dhavadeep_,_dhavadeep_,ùíüùêªùí∂ùìãùí∂ùíüùê∏ùê∏ùìÖüòç,https://scontent-lga3-2.cdninstagram.com/v/t51.2885-19/s150x150/152898209_1492857720908044_5408549202879898831_n.jpg?tp=1&_nc_ht=scontent-lga3-2.cdninstagram.com&_nc_ohc=VXxALlFGXvIAX-pl2Qv&oh=47635f548138f0b762f98b0bbb56d3ed&oe=606A145D,40336765015,FALSE,FALSE,FALSE
https://www.instagram.com/aruntrendzzz,2021-03-03T06:59:31.873Z,,https://www.instagram.com/insti_life_psg,insti_life_psg,Insti Life PSG,https://scontent-lga3-2.cdninstagram.com/v/t51.2885-19/s150x150/118276030_1371408256388199_2521850683135517473_n.jpg?tp=1&_nc_ht=scontent-lga3-2.cdninstagram.com&_nc_ohc=oZ1xCZG7uZUAX_lgFS6&oh=355835a46a95e498a6708aeffe63b037&oe=606947BA,34946652962,FALSE,FALSE,FALSE
https://www.instagram.com/aruntrendzzz,2021-03-03T06:59:31.873Z,,https://www.instagram.com/__.trippy_kiddo.__,__.trippy_kiddo.__,H A M S A V A R T H A N ü•Ä,https://scontent-lga3-2.cdninstagram.com/v/t51.2885-19/s150x150/152084265_213062250567756_7759499632328506617_n.jpg?tp=1&_nc_ht=scontent-lga3-2.cdninstagram.com&_nc_ohc=sQt-xKOeQIAAX-EPznu&oh=92225782e83eb5d7b55bd44d5e721c45&oe=60692203,39856101579,TRUE,FALSE,TRUE
https://www.instagram.com/aruntrendzzz,2021-03-03T06:59:31.873Z,,https://www.instagram.com/___sallu___rocky___,___sallu___rocky___,SALMAAN KHAN,https://scontent-lga3-2.cdninstagram.com/v/t51.2885-19/s150x150/116230303_289862115624087_6579779130691778070_n.jpg?tp=1&_nc_ht=scontent-lga3-2.cdninstagram.com&_nc_ohc=K7ZfURxTYawAX-ynUNJ&oh=f3511091498a6adcf4edada0b265faaf&oe=60676AC0,39504520015,FALSE,FALSE,TRUE
https://www.instagram.com/aruntrendzzz,2021-03-03T06:59:31.873Z,,https://www.instagram.com/preneekaa_rajesh,preneekaa_rajesh,Preneekaa,https://scontent-lga3-2.cdninstagram.com/v/t51.2885-19/s150x150/110052930_1653179668179763_221513091224801810_n.jpg?tp=1&_nc_ht=scontent-lga3-2.cdninstagram.com&_nc_ohc=R5pyAvElZzMAX-ED0Bj&oh=3614daab39d4f7a110e72c5041a06415&oe=606955F2,38832164933,TRUE,FALSE,FALSE
https://www.instagram.com/aruntrendzzz,2021-03-03T06:59:31.873Z,,https://www.instagram.com/_bad_revan_,_bad_revan_,SaiMadhu Balan R,https://scontent-lga3-2.cdninstagram.com/v/t51.2885-19/s150x150/132793593_1012438782499531_4506520484526355004_n.jpg?tp=1&_nc_ht=scontent-lga3-2.cdninstagram.com&_nc_ohc=DqyYEaJv9ygAX9-jp6x&oh=30442cb142050be17a29d002bc65ed77&oe=6069A984,3990429367,FALSE,FALSE,FALSE
https://www.instagram.com/aruntrendzzz,2021-03-03T06:59:31.873Z,,https://www.instagram.com/its__gubir_gopi,its__gubir_gopi,Buddy_Gopi,https://scontent-lga3-2.cdninstagram.com/v/t51.2885-19/s150x150/115995704_309193530273686_4660886968942338720_n.jpg?tp=1&_nc_ht=scontent-lga3-2.cdninstagram.com&_nc_ohc=ydoyQY-S-iYAX8y9jUQ&oh=00428e9a3bf68ed1b6718b7a6d0dcf06&oe=6068B025,6840738373,TRUE,FALSE,TRUE
https://www.instagram.com/aruntrendzzz,2021-03-03T06:59:31.873Z,,https://www.instagram.com/sj_003_,sj_003_,‚ô•ùì¢ùì™ùì∑ùì≥ùì™ùîÇ‚ô•,https://scontent-lga3-2.cdninstagram.com/v/t51.2885-19/s150x150/118213370_346798823157088_6602620073972492272_n.jpg?tp=1&_nc_ht=scontent-lga3-2.cdninstagram.com&_nc_ohc=GbxTQ6NI0xMAX-YLUcl&oh=e33bc6441bf09e4b2c25ccba2df8dac3&oe=60679A52,4907724437,TRUE,FALSE,FALSE
https://www.instagram.com/aruntrendzzz,2021-03-03T06:59:31.873Z,,https://www.instagram.com/mr_man_unique,mr_man_unique,Mr_Man_Unique,https://scontent-lga3-2.cdninstagram.com/v/t51.2885-19/s150x150/100969848_1148955328806826_473053646511144960_n.jpg?tp=1&_nc_ht=scontent-lga3-2.cdninstagram.com&_nc_ohc=RVymF_3pg14AX-HMMRt&oh=f1605d553ec4e40ba43b380dc3cff442&oe=60681885,36178083299,FALSE,FALSE,FALSE
https://www.instagram.com/aruntrendzzz,2021-03-03T06:59:31.873Z,,https://www.instagram.com/ajay133734,ajay133734,ajay13373,https://scontent-lga3-2.cdninstagram.com/v/t51.2885-19/s150x150/132208343_878185563019117_8331674767425159337_n.jpg?tp=1&_nc_ht=scontent-lga3-2.cdninstagram.com&_nc_ohc=1NknvITk9PQAX8dAehE&oh=0564cdad0970759cde468155bf23be47&oe=606A5977,37029359229,FALSE,FALSE,FALSE
https://www.instagram.com/aruntrendzzz,2021-03-03T06:59:31.873Z,,https://www.instagram.com/pothachaalum_memes,pothachaalum_memes,Pothachaalum_ Memes,https://scontent-lga3-2.cdninstagram.com/v/t51.2885-19/s150x150/103795600_356402418655738_904833681086219399_n.jpg?tp=1&_nc_ht=scontent-lga3-2.cdninstagram.com&_nc_ohc=Em86OYObb_IAX9zRh4P&oh=61278aeebf93830eb6b62fd69b79c9f0&oe=6069F3CB,13448821750,FALSE,FALSE,FALSE
https://www.instagram.com/aruntrendzzz,2021-03-03T06:59:31.873Z,,https://www.instagram.com/camera_2081,camera_2081,Gowtham Raj,https://scontent-lga3-2.cdninstagram.com/v/t51.2885-19/s150x150/103763319_950022742117955_659640959372796006_n.jpg?tp=1&_nc_ht=scontent-lga3-2.cdninstagram.com&_nc_ohc=TPRbrbyLdSwAX-H_1wQ&oh=a4c134e99c53a08baa541b333ab18fae&oe=606738F9,37498552612,FALSE,FALSE,FALSE
https://www.instagram.com/aruntrendzzz,2021-03-03T06:59:31.873Z,,https://www.instagram.com/bhaisahab62,bhaisahab62,nirbhay Kumar Gupta,https://scontent-lga3-2.cdninstagram.com/v/t51.2885-19/s150x150/94229333_911222649304144_8471577194676617216_n.jpg?tp=1&_nc_ht=scontent-lga3-2.cdninstagram.com&_nc_ohc=7d4xaWYAMVYAX-mN3Dl&oh=e664273db5c92adc5d13edebce1fbd85&oe=6069B87F,34106823999,FALSE,FALSE,FALSE
https://www.instagram.com/aruntrendzzz,2021-03-03T06:59:31.873Z,,https://www.instagram.com/mr_konvict_,mr_konvict_,V A S A N T H,https://scontent-lga3-2.cdninstagram.com/v/t51.2885-19/s150x150/130300694_180053360489530_6170434759439337945_n.jpg?tp=1&_nc_ht=scontent-lga3-2.cdninstagram.com&_nc_ohc=Lap8tbClS5oAX-NQV9k&oh=df92e6f15554aa18f14159332a21f4ad&oe=606721D0,8018069672,TRUE,FALSE,FALSE
https://www.instagram.com/aruntrendzzz,2021-03-03T06:59:31.873Z,,https://www.instagram.com/devasmart666,devasmart666,‚ù§Ô∏è__deva__üíô,https://scontent-lga3-2.cdninstagram.com/v/t51.2885-19/s150x150/119938733_640835746627697_4222300436586028273_n.jpg?tp=1&_nc_ht=scontent-lga3-2.cdninstagram.com&_nc_ohc=eX6MYZAmNE0AX-kVkns&oh=a881494253082fd361c83d1fdd2a1b60&oe=60674A54,9133354105,FALSE,FALSE,FALSE
https://www.instagram.com/aruntrendzzz,2021-03-03T06:59:31.873Z,,https://www.instagram.com/dom_nick_d,dom_nick_d,Dom_Nick-Dev,https://scontent-lga3-2.cdninstagram.com/v/t51.2885-19/s150x150/93858317_544181313184312_4624623692578553856_n.jpg?tp=1&_nc_ht=scontent-lga3-2.cdninstagram.com&_nc_ohc=cM6BxkSvG1wAX--3PCf&oh=42adbc36ca07448cd52ea5ea7cb50cf7&oe=606937E6,8436683706,TRUE,FALSE,FALSE
https://www.instagram.com/aruntrendzzz,2021-03-03T06:59:31.873Z,,https://www.instagram.com/__vigo._.aj__,__vigo._.aj__,ùöÖùöíùöúùöëùöóùöû ùô∂ùöòùöïùöç ùü∑ùü∫ üíú,https://scontent-lga3-2.cdninstagram.com/v/t51.2885-19/s150x150/141804107_171517791441337_8786430550189351658_n.jpg?tp=1&_nc_ht=scontent-lga3-2.cdninstagram.com&_nc_ohc=IqrAskqvKN8AX9cwzna&oh=15a276bbd7b3e1517f9eaf8819ebec81&oe=6068F0F3,7660438610,TRUE,FALSE,FALSE
https://www.instagram.com/aruntrendzzz,2021-03-03T06:59:31.873Z,,https://www.instagram.com/sanjay_sandy3,sanjay_sandy3,san_jay,https://scontent-lga3-2.cdninstagram.com/v/t51.2885-19/s150x150/96317713_821021118390772_1178280992977190912_n.jpg?tp=1&_nc_ht=scontent-lga3-2.cdninstagram.com&_nc_ohc=kAcsFNJxxFQAX9s6ovd&oh=a566dea6e3e5796c9808b8861a00e769&oe=6069A127,14298582442,FALSE,FALSE,FALSE
https://www.instagram.com/aruntrendzzz,2021-03-03T06:59:31.873Z,,https://www.instagram.com/__priyadarsan__,__priyadarsan__,‡Æ™‡Æø‡Æ∞‡Æø‡ÆØ‡Æ§‡Æ∞‡Øç‡Æ∑‡Æ©‡Øç ‡ÆÆ‡Æï‡Øá‡Æ®‡Øç‡Æ§‡Æø‡Æ∞‡Æ©‡Øç,https://scontent-lga3-2.cdninstagram.com/v/t51.2885-19/s150x150/152699931_123236643055795_742016643352258706_n.jpg?tp=1&_nc_ht=scontent-lga3-2.cdninstagram.com&_nc_ohc=swsnBdKEVaEAX9uH4id&oh=434a5649ac16e2accc1e0efa4aad5925&oe=606908AA,33280013586,TRUE,FALSE,TRUE
https://www.instagram.com/aruntrendzzz,2021-03-03T06:59:31.873Z,,https://www.instagram.com/arun_prashath2806,arun_prashath2806,Arun Prashath,https://scontent-lga3-2.cdninstagram.com/v/t51.2885-19/s150x150/41796404_2449601508600164_3246492996530601984_n.jpg?tp=1&_nc_ht=scontent-lga3-2.cdninstagram.com&_nc_ohc=cdD7lJKUXLkAX9stzMp&oh=83137e540c9acd0379fd15d8e2bdc653&oe=606A21E4,1624043788,TRUE,FALSE,TRUE
https://www.instagram.com/aruntrendzzz,2021-03-03T06:59:31.873Z,,https://www.instagram.com/_dhavaseelan,_dhavaseelan,@ Dhavaseelan,https://scontent-lga3-2.cdninstagram.com/v/t51.2885-19/s150x150/92288740_631654097678847_62793431184834560_n.jpg?tp=1&_nc_ht=scontent-lga3-2.cdninstagram.com&_nc_ohc=ShD6OKP2U9kAX9mDodx&oh=74e730ec0d728a17fe235397a4b4d4cb&oe=606A5F69,33000918920,FALSE,FALSE,FALSE
https://www.instagram.com/aruntrendzzz,2021-03-03T06:59:31.873Z,,https://www.instagram.com/sujeeth_08,sujeeth_08,sujeeth,https://scontent-lga3-2.cdninstagram.com/v/t51.2885-19/s150x150/90968540_2550137731971098_3666338724163092480_n.jpg?tp=1&_nc_ht=scontent-lga3-2.cdninstagram.com&_nc_ohc=A5ZZ6GjaFf0AX8-i-OA&oh=c333414946a0b6eed449798a4f3c86ad&oe=606844C2,32335656777,FALSE,FALSE,FALSE
https://www.instagram.com/aruntrendzzz,2021-03-03T06:59:31.873Z,,https://www.instagram.com/shri_the_prince,shri_the_prince,Shri,https://scontent-lga3-2.cdninstagram.com/v/t51.2885-19/s150x150/90352035_217059476211057_4315428679111933952_n.jpg?tp=1&_nc_ht=scontent-lga3-2.cdninstagram.com&_nc_ohc=_YuiJO0vy4wAX_r6euI&oh=ff10ee6783afb59bfb81ba88f9f0e53f&oe=60698C29,32056505391,TRUE,FALSE,FALSE
https://www.instagram.com/aruntrendzzz,2021-03-03T06:59:31.873Z,,https://www.instagram.com/ajay.x.cr,ajay.x.cr,‚àÜjayüëë,https://scontent-lga3-2.cdninstagram.com/v/t51.2885-19/s150x150/116155698_291114862212304_6736060215284495606_n.jpg?tp=1&_nc_ht=scontent-lga3-2.cdninstagram.com&_nc_ohc=c6_zdV2y5zoAX9Tg_9d&oh=b72ea3e01355400901522631292ab5e4&oe=60680C27,30821062724,TRUE,FALSE,FALSE
https://www.instagram.com/aruntrendzzz,2021-03-03T06:59:31.873Z,,https://www.instagram.com/psg.tech.confessions,psg.tech.confessions,Confessions of Tech,https://scontent-lga3-2.cdninstagram.com/v/t51.2885-19/s150x150/89933480_610199572863026_689536151601545216_n.jpg?tp=1&_nc_ht=scontent-lga3-2.cdninstagram.com&_nc_ohc=aM2PAHJWvyYAX9z9bx-&oh=678c6cde2c6a51be5f2888c3ccca6850&oe=6068464C,32162059080,TRUE,FALSE,TRUE
https://www.instagram.com/aruntrendzzz,2021-03-03T06:59:31.873Z,,https://www.instagram.com/dhayanandh_at,dhayanandh_at,,https://scontent-lga3-2.cdninstagram.com/v/t51.2885-19/s150x150/92846764_345995236356158_7834452520398225408_n.jpg?tp=1&_nc_ht=scontent-lga3-2.cdninstagram.com&_nc_ohc=H8RloF-935gAX9G4lBU&oh=b5fffbe0039b9304376439122d27102d&oe=6068B128,4626829825,FALSE,FALSE,TRUE
https://www.instagram.com/aruntrendzzz,2021-03-03T06:59:31.873Z,,https://www.instagram.com/__jhan_uthra__,__jhan_uthra__,Jhanani Seshasayeeüå∏,https://scontent-lga3-2.cdninstagram.com/v/t51.2885-19/s150x150/154337654_467119984470685_3121930785253616502_n.jpg?tp=1&_nc_ht=scontent-lga3-2.cdninstagram.com&_nc_ohc=8nOHzzgxTFwAX_yczsj&oh=cc3543626d1545693e23ac577b0b22e1&oe=606A65DD,30119592764,TRUE,FALSE,FALSE
https://www.instagram.com/aruntrendzzz,2021-03-03T06:59:31.873Z,,https://www.instagram.com/srv2018passedouts,srv2018passedouts,srv passed outs (2018),https://scontent-lga3-2.cdninstagram.com/v/t51.2885-19/s150x150/89261805_235971004236793_5626548749946847232_n.jpg?tp=1&_nc_ht=scontent-lga3-2.cdninstagram.com&_nc_ohc=JyW2Kk_0WKkAX9Rks3-&oh=759bdfabf590c52b6c1235e1b6ac44f2&oe=6067CFC9,31495572977,FALSE,FALSE,FALSE
https://www.instagram.com/aruntrendzzz,2021-03-03T06:59:31.873Z,,https://www.instagram.com/sak_ajmal298,sak_ajmal298,Abdulkaiyum,https://scontent-lga3-2.cdninstagram.com/v/t51.2885-19/s150x150/82563802_198268821329853_2869578799916253184_n.jpg?tp=1&_nc_ht=scontent-lga3-2.cdninstagram.com&_nc_ohc=n38mAtAFjjkAX_YgpIr&oh=8776de2448baa66cc9944ef80f3e3542&oe=606765F6,28626779623,FALSE,FALSE,FALSE
https://www.instagram.com/aruntrendzzz,2021-03-03T06:59:31.873Z,,https://www.instagram.com/praveenthiru33,praveenthiru33,praveen,https://instagram.famd1-2.fna.fbcdn.net/v/t51.2885-19/44884218_345707102882519_2446069589734326272_n.jpg?_nc_ht=instagram.famd1-2.fna.fbcdn.net&_nc_ohc=tLi1JZxA-MoAX9Xxa64&oh=f6445a4de5de3e291db2d48d7ee3fbaa&oe=6067CF8F&ig_cache_key=YW5vbnltb3VzX3Byb2ZpbGVfcGlj.2,7981813472,TRUE,FALSE,FALSE
https://www.instagram.com/aruntrendzzz,2021-03-03T06:59:31.873Z,,https://www.instagram.com/_the_eminent_artist_,_the_eminent_artist_,LOADING....,https://scontent-lga3-2.cdninstagram.com/v/t51.2885-19/s150x150/121117525_679565369357435_2136328508251812097_n.jpg?tp=1&_nc_ht=scontent-lga3-2.cdninstagram.com&_nc_ohc=4uCl4U4bGqgAX-hl0JE&oh=40330834d5375b2f960f2076407bff61&oe=60677E78,29420111201,FALSE,FALSE,TRUE
https://www.instagram.com/aruntrendzzz,2021-03-03T06:59:31.873Z,,https://www.instagram.com/davishan_naath_7,davishan_naath_7,Davishan Naath,https://scontent-lga3-2.cdninstagram.com/v/t51.2885-19/s150x150/79372035_780690819064244_282981840216653824_n.jpg?tp=1&_nc_ht=scontent-lga3-2.cdninstagram.com&_nc_ohc=PSDyCBZ3154AX-EuUnm&oh=f30f36289a7aea220987511569e09fed&oe=60670FBB,27254487616,TRUE,FALSE,FALSE
https://www.instagram.com/aruntrendzzz,2021-03-03T06:59:31.873Z,,https://www.instagram.com/_shalini_cherukuri_,_shalini_cherukuri_,shalini cherukuri,https://scontent-lga3-2.cdninstagram.com/v/t51.2885-19/s150x150/117615613_115244936791616_2525742908260347544_n.jpg?tp=1&_nc_ht=scontent-lga3-2.cdninstagram.com&_nc_ohc=Ck48ed4VcnoAX8X4RzG&oh=ecc9f05b395caf183baa9c8c8d60ee0c&oe=60673559,8630537630,TRUE,FALSE,FALSE
https://www.instagram.com/aruntrendzzz,2021-03-03T06:59:31.873Z,,https://www.instagram.com/terific_eswar,terific_eswar,Eswar,https://scontent-lga3-2.cdninstagram.com/v/t51.2885-19/s150x150/91333645_307349650243321_8969386345487138816_n.jpg?tp=1&_nc_ht=scontent-lga3-2.cdninstagram.com&_nc_ohc=cKRJUT1UB6YAX-MBmBt&oh=bd2e30b17cc5aa60ec56b79e73c0dbc0&oe=606797FB,25143646742,FALSE,FALSE,FALSE
https://www.instagram.com/aruntrendzzz,2021-03-03T06:59:31.873Z,,https://www.instagram.com/arunbarath53,arunbarath53,arunbarath53,https://scontent-lga3-2.cdninstagram.com/v/t51.2885-19/s150x150/117980289_776852329784572_4620781502681796118_n.jpg?tp=1&_nc_ht=scontent-lga3-2.cdninstagram.com&_nc_ohc=XPz3EsGiP78AX8Muyak&oh=c772f849783866f8746bf826566b95b1&oe=606711E6,28331596047,FALSE,FALSE,FALSE
https://www.instagram.com/aruntrendzzz,2021-03-03T06:59:31.873Z,,https://www.instagram.com/book_ishq,book_ishq,booklover,https://scontent-lga3-2.cdninstagram.com/v/t51.2885-19/s150x150/79588031_468461324086343_2059960306225905664_n.jpg?tp=1&_nc_ht=scontent-lga3-2.cdninstagram.com&_nc_ohc=QkKzZPEbajsAX8Dqub3&oh=6d6c88baa534eb39311dd1cb01fea8b7&oe=6069D404,25364387658,FALSE,FALSE,FALSE
https://www.instagram.com/aruntrendzzz,2021-03-03T06:59:31.873Z,,https://www.instagram.com/__narmatha_ramasamy__,__narmatha_ramasamy__,Narmatha Ramasamy,https://scontent-lga3-2.cdninstagram.com/v/t51.2885-19/s150x150/49641306_338161246786640_6721618818898067456_n.jpg?tp=1&_nc_ht=scontent-lga3-2.cdninstagram.com&_nc_ohc=6PPriJEG8IQAX-lKFGY&oh=d96604a49abad98d668a03ab28451738&oe=60671047,10258301054,TRUE,FALSE,TRUE
https://www.instagram.com/aruntrendzzz,2021-03-03T06:59:31.873Z,,https://www.instagram.com/asridhar8,asridhar8,S-R-I-D-H-A-R,https://scontent-lga3-2.cdninstagram.com/v/t51.2885-19/s150x150/92052127_545337163055315_7594763589747998720_n.jpg?tp=1&_nc_ht=scontent-lga3-2.cdninstagram.com&_nc_ohc=9HKBE4VC5bAAX-YzyWR&oh=0faf09ff91fcc3a580cbc8217c888b7e&oe=606A6AB8,25239865576,FALSE,FALSE,FALSE
https://www.instagram.com/aruntrendzzz,2021-03-03T06:59:31.873Z,,https://www.instagram.com/_pradeep_ramu_28,_pradeep_ramu_28,deep,https://scontent-lga3-2.cdninstagram.com/v/t51.2885-19/s150x150/120193862_128584748989855_8356783637957778086_n.jpg?tp=1&_nc_ht=scontent-lga3-2.cdninstagram.com&_nc_ohc=7o5QgmrAIUIAX_dndGS&oh=2802fd76e96e0bdcee69eb10531b8916&oe=606757B9,7490397835,TRUE,FALSE,FALSE
https://www.instagram.com/aruntrendzzz,2021-03-03T06:59:31.873Z,,https://www.instagram.com/___thiru.01___,___thiru.01___,____thiru____,https://scontent-lga3-2.cdninstagram.com/v/t51.2885-19/s150x150/39573211_1878195865605237_5136354808080367616_n.jpg?tp=1&_nc_ht=scontent-lga3-2.cdninstagram.com&_nc_ohc=wL_OqDmhrfAAX_8g_4s&oh=46a8dfedcc5debed5bebf56c420cbd9b&oe=60673004,8474972731,TRUE,FALSE,FALSE
https://www.instagram.com/aruntrendzzz,2021-03-03T06:59:31.873Z,,https://www.instagram.com/aboturky2312019,aboturky2312019,Khalid,https://instagram.famd1-2.fna.fbcdn.net/v/t51.2885-19/44884218_345707102882519_2446069589734326272_n.jpg?_nc_ht=instagram.famd1-2.fna.fbcdn.net&_nc_ohc=tLi1JZxA-MoAX9Xxa64&oh=f6445a4de5de3e291db2d48d7ee3fbaa&oe=6067CF8F&ig_cache_key=YW5vbnltb3VzX3Byb2ZpbGVfcGlj.2,14460566381,FALSE,FALSE,FALSE
https://www.instagram.com/aruntrendzzz,2021-03-03T06:59:31.873Z,,https://www.instagram.com/mr.sircastic_07,mr.sircastic_07,ùêíùêÆùêùùê°ùêöùêß ùêÄùêùùê¢ùê≠ùê°ùê≤ùêö,https://scontent-lga3-2.cdninstagram.com/v/t51.2885-19/s150x150/131389291_3592395590878855_3310589007639049085_n.jpg?tp=1&_nc_ht=scontent-lga3-2.cdninstagram.com&_nc_ohc=dvTjVV1r6VoAX-Ep6F1&oh=59bb5567195fa2b2251ca264bb1bff1d&oe=606723C0,2010569807,TRUE,FALSE,TRUE
https://www.instagram.com/aruntrendzzz,2021-03-03T06:59:31.873Z,,https://www.instagram.com/projects_360_,projects_360_,PROJECTS_360¬∞,https://scontent-lga3-2.cdninstagram.com/v/t51.2885-19/s150x150/76811260_414821659196718_8407235500796018688_n.jpg?tp=1&_nc_ht=scontent-lga3-2.cdninstagram.com&_nc_ohc=KWKbjx5WlKsAX84p9Oe&oh=c15cfdb4d57aa3490ce1bbae29e57ee2&oe=60679097,23922850272,FALSE,FALSE,FALSE
https://www.instagram.com/aruntrendzzz,2021-03-03T06:59:31.873Z,,https://www.instagram.com/poison_killer26,poison_killer26,üòàPOiSOn_killer26üòà,https://scontent-lga3-2.cdninstagram.com/v/t51.2885-19/s150x150/110747274_720085602162600_7389583123343896251_n.jpg?tp=1&_nc_ht=scontent-lga3-2.cdninstagram.com&_nc_ohc=GBABA-WZIVUAX_Zl6po&oh=c47216405b938aae21677e2def78ab02&oe=6069C093,7996470026,FALSE,FALSE,FALSE
https://www.instagram.com/aruntrendzzz,2021-03-03T06:59:31.873Z,,https://www.instagram.com/kavya.pritie,kavya.pritie,kavya -,https://scontent-lga3-2.cdninstagram.com/v/t51.2885-19/s150x150/69970790_512774822893805_432772780329533440_n.jpg?tp=1&_nc_ht=scontent-lga3-2.cdninstagram.com&_nc_ohc=caLFE1VONyMAX-z7xDz&oh=aeee0700a91f1bde07b397c7924f67c8&oe=6067104D,21495486173,FALSE,FALSE,FALSE
https://www.instagram.com/aruntrendzzz,2021-03-03T06:59:31.873Z,,https://www.instagram.com/mohamed_murshidh_007,mohamed_murshidh_007,Mohamed Murshidh,https://scontent-lga3-2.cdninstagram.com/v/t51.2885-19/s150x150/47114817_199650344314621_1975981102744993792_n.jpg?tp=1&_nc_ht=scontent-lga3-2.cdninstagram.com&_nc_ohc=cZMWcl9U1ggAX9EcsM_&oh=1d1090361ab4a3ff5952fac5284f75e2&oe=6067382E,9737354216,TRUE,FALSE,FALSE
https://www.instagram.com/aruntrendzzz,2021-03-03T06:59:35.344Z,,https://www.instagram.com/thandapani_,thandapani_,Thandapani Ravichadran,https://scontent-lga3-2.cdninstagram.com/v/t51.2885-19/s150x150/91503620_666177337473325_8715403286934454272_n.jpg?tp=1&_nc_ht=scontent-lga3-2.cdninstagram.com&_nc_ohc=EDXBrdBQkGUAX_eGF-H&oh=fc54b92bc69b27d907146b5d0a866b8b&oe=6067B10B,8892237352,TRUE,FALSE,FALSE
https://www.instagram.com/aruntrendzzz,2021-03-03T06:59:35.344Z,,https://www.instagram.com/_dhanush3_,_dhanush3_,DhanushüáÆüá≥,https://scontent-lga3-2.cdninstagram.com/v/t51.2885-19/s150x150/135039556_872265766865371_8765809931268959919_n.jpg?tp=1&_nc_ht=scontent-lga3-2.cdninstagram.com&_nc_ohc=FoZ16w06VA4AX81sthQ&oh=4f491f6daa678728cf2f551cd410d22b&oe=6067D3C9,8687933824,TRUE,FALSE,FALSE
https://www.instagram.com/aruntrendzzz,2021-03-03T06:59:35.344Z,,https://www.instagram.com/_kanee_._,_kanee_._,‡Æï‡Æ©‡Æø‡Æà‡Æ∑‡Øç‡Æµ‡Æ∞‡Øç‚ú®,https://scontent-lga3-2.cdninstagram.com/v/t51.2885-19/s150x150/125501817_462423088071250_6482019011420188752_n.jpg?tp=1&_nc_ht=scontent-lga3-2.cdninstagram.com&_nc_ohc=zGqBt8evjooAX8c1Hvf&oh=9150dafa6b9e28a26e2d14d24905d474&oe=6068B093,4291914670,TRUE,FALSE,FALSE
https://www.instagram.com/aruntrendzzz,2021-03-03T06:59:35.344Z,,https://www.instagram.com/an_engineer_sketch,an_engineer_sketch,‡Øß‡Æ©‡Æø‡Æà‡Æ∑‡Æµ‡Æ∞‡Øç,https://scontent-lga3-2.cdninstagram.com/v/t51.2885-19/s150x150/118403133_3261123343955079_9041647901973197565_n.jpg?tp=1&_nc_ht=scontent-lga3-2.cdninstagram.com&_nc_ohc=h330X4yZc2kAX-5RELN&oh=34538caa1c1a4e00fb237c825228df28&oe=6069F4DA,8361989769,FALSE,FALSE,FALSE
https://www.instagram.com/aruntrendzzz,2021-03-03T06:59:35.344Z,,https://www.instagram.com/tech_pasanga,tech_pasanga,TECH_TAMIZHAN_MEMES,https://scontent-lga3-2.cdninstagram.com/v/t51.2885-19/s150x150/31696239_124903998371622_8046076635792801792_n.jpg?tp=1&_nc_ht=scontent-lga3-2.cdninstagram.com&_nc_ohc=qLubfbu7S0kAX8NoTDg&oh=8fd257985ad90af9ede33751baa49c07&oe=6067C86F,7332353742,TRUE,FALSE,FALSE
https://www.instagram.com/aruntrendzzz,2021-03-03T06:59:35.344Z,,https://www.instagram.com/manojh_sivakumar,manojh_sivakumar,Manojh‚ú®,https://scontent-lga3-2.cdninstagram.com/v/t51.2885-19/s150x150/153611831_177463883914013_2543580719972787453_n.jpg?tp=1&_nc_ht=scontent-lga3-2.cdninstagram.com&_nc_ohc=d64E9_vgBQYAX-BvgmY&oh=983b81be78511c9640a11cfcd7c189f0&oe=6068639D,6214193039,FALSE,FALSE,FALSE
https://www.instagram.com/aruntrendzzz,2021-03-03T06:59:35.344Z,,https://www.instagram.com/hari_710_,hari_710_,H Œî R I H Œî R ‚úñ N,https://scontent-lga3-2.cdninstagram.com/v/t51.2885-19/s150x150/131590003_697079921178003_6852548722587200474_n.jpg?tp=1&_nc_ht=scontent-lga3-2.cdninstagram.com&_nc_ohc=OPtGAixluLsAX8cGDma&oh=bf448ee2881fde64dd55048ca8b25f1a&oe=606A68B3,6651207985,TRUE,FALSE,FALSE
https://www.instagram.com/aruntrendzzz,2021-03-03T06:59:35.344Z,,https://www.instagram.com/_vicky_de_thug_,_vicky_de_thug_,vicky,https://scontent-lga3-2.cdninstagram.com/v/t51.2885-19/s150x150/126910874_1012734469208211_6987211860250976997_n.jpg?tp=1&_nc_ht=scontent-lga3-2.cdninstagram.com&_nc_ohc=zYLgR2xQNlgAX8ZDTO5&oh=4c030154df57d3281981bfe1b88efc0a&oe=606A2E2E,4114963347,TRUE,FALSE,TRUE
https://www.instagram.com/aruntrendzzz,2021-03-03T06:59:35.344Z,,https://www.instagram.com/thamil_vani_23,thamil_vani_23,Thamil vani,https://scontent-lga3-2.cdninstagram.com/v/t51.2885-19/s150x150/83904373_2414421785539388_67848715066408960_n.jpg?tp=1&_nc_ht=scontent-lga3-2.cdninstagram.com&_nc_ohc=OUJjL0zFv1cAX8JqFJz&oh=77e0e3df97eff2caa93447264867d2dd&oe=60685701,8595524395,TRUE,FALSE,TRUE
https://www.instagram.com/aruntrendzzz,2021-03-03T06:59:35.344Z,,https://www.instagram.com/____preetham____,____preetham____,P r e e t h a m,https://scontent-lga3-2.cdninstagram.com/v/t51.2885-19/s150x150/152025176_1381595202188588_7665660536463204088_n.jpg?tp=1&_nc_ht=scontent-lga3-2.cdninstagram.com&_nc_ohc=W5MtjN8MA-8AX-o4q1i&oh=c0ea49b25ed0962300b1a4d18d96c90f&oe=606769D9,3072268635,FALSE,FALSE,TRUE
https://www.instagram.com/aruntrendzzz,2021-03-03T06:59:35.344Z,,https://www.instagram.com/atchaya6,atchaya6,Atchaya,https://scontent-lga3-2.cdninstagram.com/v/t51.2885-19/s150x150/83087823_594520967769387_116891469150683136_n.jpg?tp=1&_nc_ht=scontent-lga3-2.cdninstagram.com&_nc_ohc=vKFH11KiaYMAX-bKKQs&oh=869058575bb67904d86e96755bf70a88&oe=6069EC2F,10619539317,TRUE,FALSE,TRUE
https://www.instagram.com/aruntrendzzz,2021-03-03T06:59:35.344Z,,https://www.instagram.com/dillibabu.babu.50702,dillibabu.babu.50702,Dillibabu Babu,https://scontent-lga3-2.cdninstagram.com/v/t51.2885-19/s150x150/106103089_583377175660737_4547383655896198102_n.jpg?tp=1&_nc_ht=scontent-lga3-2.cdninstagram.com&_nc_ohc=zKm-b5l3pKgAX8wb5ME&oh=955c622221870c65a1b2568b7ff16e05&oe=6066FC67,14402879921,FALSE,FALSE,FALSE
https://www.instagram.com/aruntrendzzz,2021-03-03T06:59:35.344Z,,https://www.instagram.com/the_hacker_2.o,the_hacker_2.o,Siva Raj,https://scontent-lga3-2.cdninstagram.com/v/t51.2885-19/s150x150/70780278_549112045858546_528063136666746880_n.jpg?tp=1&_nc_ht=scontent-lga3-2.cdninstagram.com&_nc_ohc=lcMaqo_V8mEAX-DgLp3&oh=35a0088d2b30749ffd66134fe9ace713&oe=60684230,7502054320,FALSE,FALSE,TRUE
https://www.instagram.com/aruntrendzzz,2021-03-03T06:59:35.344Z,,https://www.instagram.com/_dad_says_no_girls_,_dad_says_no_girls_,Vicky,https://scontent-lga3-2.cdninstagram.com/v/t51.2885-19/s150x150/123882320_1280337702322968_6440927167379586348_n.jpg?tp=1&_nc_ht=scontent-lga3-2.cdninstagram.com&_nc_ohc=sSzaJQsUD3gAX9NO5yl&oh=36c35db03758387cdfe81b408d3aeb60&oe=60688A3F,5938825603,TRUE,FALSE,FALSE
https://www.instagram.com/aruntrendzzz,2021-03-03T06:59:35.344Z,,https://www.instagram.com/cci_soft_training_centre,cci_soft_training_centre,CCI Computer Training Centre,https://scontent-lga3-2.cdninstagram.com/v/t51.2885-19/s150x150/92720730_918232691947558_7437783656065662976_n.jpg?tp=1&_nc_ht=scontent-lga3-2.cdninstagram.com&_nc_ohc=pmr7_GvHdCMAX8uGCMH&oh=51fe00e9d396c4db66651f420281ff0d&oe=6068041C,8355187491,FALSE,FALSE,FALSE
https://www.instagram.com/aruntrendzzz,2021-03-03T06:59:35.344Z,,https://www.instagram.com/sukantramasamy,sukantramasamy,$√ªƒ∑ƒÉ√±≈£.,https://scontent-lga3-2.cdninstagram.com/v/t51.2885-19/s150x150/83833609_181865753155970_7992552482767110144_n.jpg?tp=1&_nc_ht=scontent-lga3-2.cdninstagram.com&_nc_ohc=ubdBgimKv5kAX-Do-ds&oh=5553de13443594a29f593a00967a5aed&oe=606A78EF,8150369748,FALSE,FALSE,FALSE
https://www.instagram.com/aruntrendzzz,2021-03-03T06:59:35.344Z,,https://www.instagram.com/_gamer_of_mah_world_,_gamer_of_mah_world_,√ë.√Ç.√ë.D.H.√úüï¥Ô∏è,https://scontent-lga3-2.cdninstagram.com/v/t51.2885-19/s150x150/105938725_2642282569392439_3430581578447510201_n.jpg?tp=1&_nc_ht=scontent-lga3-2.cdninstagram.com&_nc_ohc=iKNqzW_q7p0AX8r0OMg&oh=1ffa2e0ef66545a36b06ebf9fefafe7b&oe=6069C4E6,16466717702,TRUE,FALSE,FALSE
https://www.instagram.com/aruntrendzzz,2021-03-03T06:59:35.344Z,,https://www.instagram.com/the_2stoker_kid,the_2stoker_kid,Athinathan_1OO,https://scontent-lga3-2.cdninstagram.com/v/t51.2885-19/s150x150/118655052_141874204245785_3591443644113883120_n.jpg?tp=1&_nc_ht=scontent-lga3-2.cdninstagram.com&_nc_ohc=8SCVb-DF35IAX_AoT7i&oh=e0c0d1174e566f05f951ee98b6637556&oe=6069842E,8485658444,TRUE,FALSE,FALSE
https://www.instagram.com/aruntrendzzz,2021-03-03T06:59:35.344Z,,https://www.instagram.com/arun.barath.54,arun.barath.54,Arun Barath,https://scontent-lga3-2.cdninstagram.com/v/t51.2885-19/s150x150/65568215_1611296522348456_4776342518956556288_n.jpg?tp=1&_nc_ht=scontent-lga3-2.cdninstagram.com&_nc_ohc=ff-4D5ix6OgAX8wO-im&oh=8fc41ed1e3d7db2d490fbb0cb983cffa&oe=6066FFCE,15965231199,FALSE,FALSE,FALSE
https://www.instagram.com/aruntrendzzz,2021-03-03T06:59:35.344Z,,https://www.instagram.com/prasanthhook,prasanthhook,üáµ‚Äãüá∑‚Äãüá¶‚Äãüá∏‚Äãüá¶‚Äãüá≥‚Äãüáπ‚Äãüá≠‚Äã üá≠‚Äãüá¥‚Äãüá¥‚Äãüá∞‚Äã,https://scontent-lga3-2.cdninstagram.com/v/t51.2885-19/s150x150/67747068_688521204967914_4178234049149534208_n.jpg?tp=1&_nc_ht=scontent-lga3-2.cdninstagram.com&_nc_ohc=hnW3hWiDWLcAX94ZJ24&oh=f8286dd980e446bf760329a8abd88164&oe=6068DA42,15644991638,TRUE,FALSE,TRUE
https://www.instagram.com/aruntrendzzz,2021-03-03T06:59:35.344Z,,https://www.instagram.com/arunbarathdhon,arunbarathdhon,arun barath dhoni,https://scontent-lga3-2.cdninstagram.com/v/t51.2885-19/s150x150/65148974_2110839129038459_7169228701190586368_n.jpg?tp=1&_nc_ht=scontent-lga3-2.cdninstagram.com&_nc_ohc=256VGWwXze4AX9zh0ZT&oh=1d1f2dd2d5524897a9c5341305b85e5f&oe=6066F5EC,15901786963,FALSE,FALSE,FALSE
https://www.instagram.com/aruntrendzzz,2021-03-03T06:59:35.344Z,,https://www.instagram.com/mugesh_muruganithi,mugesh_muruganithi,Mugesh M A,https://scontent-lga3-2.cdninstagram.com/v/t51.2885-19/s150x150/93654210_236987310992675_7836648966673399808_n.jpg?tp=1&_nc_ht=scontent-lga3-2.cdninstagram.com&_nc_ohc=V1P5RYcgzhwAX__8wBZ&oh=6c11b01eff0d068d54065b6d5cba4026&oe=606A9407,8521728182,TRUE,FALSE,FALSE
https://www.instagram.com/aruntrendzzz,2021-03-03T06:59:35.344Z,,https://www.instagram.com/_comment_x_,_comment_x_,üÖ≤üÖæüÖºüÖºüÖ¥üÖΩüÜÉ üÜá,https://scontent-lga3-2.cdninstagram.com/v/t51.2885-19/s150x150/100824459_684901702077215_5488249604719771648_n.jpg?tp=1&_nc_ht=scontent-lga3-2.cdninstagram.com&_nc_ohc=C_mq2_hJ37wAX-dzgPb&oh=d8cd62d340e407f5f09155b3feb5ea40&oe=6067747A,13295679689,FALSE,FALSE,FALSE
https://www.instagram.com/aruntrendzzz,2021-03-03T06:59:35.344Z,,https://www.instagram.com/coimbatore_officials,coimbatore_officials,Coimbatore Promotions,https://scontent-lga3-2.cdninstagram.com/v/t51.2885-19/s150x150/60244585_603806923444350_7362360615848902656_n.jpg?tp=1&_nc_ht=scontent-lga3-2.cdninstagram.com&_nc_ohc=7pccRCsNFggAX9M4gZQ&oh=b8ff26f659396c31477523471313b61c&oe=606800C5,14007722872,FALSE,FALSE,FALSE
https://www.instagram.com/aruntrendzzz,2021-03-03T06:59:35.344Z,,https://www.instagram.com/a_shibu_musical_official,a_shibu_musical_official,SHIBU //‡Æö‡Æø‡Æ™‡ØÅ,https://scontent-lga3-2.cdninstagram.com/v/t51.2885-19/s150x150/77345964_736632083512008_1528539230983159808_n.jpg?tp=1&_nc_ht=scontent-lga3-2.cdninstagram.com&_nc_ohc=hzniFQK9Oa0AX_8zHNO&oh=09febec3118f2e68af7536d8f6da4026&oe=6068B89A,5523763922,FALSE,FALSE,FALSE
https://www.instagram.com/aruntrendzzz,2021-03-03T06:59:35.344Z,,https://www.instagram.com/_._.vasanth._._,_._.vasanth._._,—µ·¥ÄÍú±·¥Ä‚≤õ—Ç–Ω  Ä·¥Ä‘çœÖ ü ü•Ä,https://scontent-lga3-2.cdninstagram.com/v/t51.2885-19/s150x150/152243047_1796977890475940_6193024611187648359_n.jpg?tp=1&_nc_ht=scontent-lga3-2.cdninstagram.com&_nc_ohc=-yz14f86TNMAX-Gbsay&oh=23c12cefda32147642648ed9e54aa97a&oe=606AAD50,8117669555,TRUE,FALSE,FALSE
https://www.instagram.com/aruntrendzzz,2021-03-03T06:59:35.344Z,,https://www.instagram.com/im_a_star_crossed_1,im_a_star_crossed_1,Moorthi.G,https://scontent-lga3-2.cdninstagram.com/v/t51.2885-19/s150x150/123836150_700893350535291_7164898122194659679_n.jpg?tp=1&_nc_ht=scontent-lga3-2.cdninstagram.com&_nc_ohc=_aKL2rvzDmcAX_L9MLG&oh=bdc0eca82beba21766dedcd5d50e22e2&oe=606A2546,8485834875,TRUE,FALSE,FALSE
https://www.instagram.com/aruntrendzzz,2021-03-03T06:59:35.344Z,,https://www.instagram.com/nitin_sundararaj,nitin_sundararaj,üëëNitinüëë,https://scontent-lga3-2.cdninstagram.com/v/t51.2885-19/s150x150/93714499_562557181342889_3559072345442222080_n.jpg?tp=1&_nc_ht=scontent-lga3-2.cdninstagram.com&_nc_ohc=0O3a_XB6VWwAX97syac&oh=39134f05e923f4fb382d21b73b191e76&oe=606826A5,8435202360,FALSE,FALSE,TRUE
https://www.instagram.com/aruntrendzzz,2021-03-03T06:59:35.344Z,,https://www.instagram.com/coimbatorehangoverpartyanimalz,coimbatorehangoverpartyanimalz,CoimbatoreHangoverPartyAnimalz,https://scontent-lga3-2.cdninstagram.com/v/t51.2885-19/s150x150/146867532_796504474331005_7236273961956910153_n.jpg?tp=1&_nc_ht=scontent-lga3-2.cdninstagram.com&_nc_ohc=wEgWFAJVcbMAX-GEGAR&oh=75aa7da1319ea03e7000245590af23f3&oe=606765F0,3887945637,FALSE,FALSE,FALSE
https://www.instagram.com/aruntrendzzz,2021-03-03T06:59:35.344Z,,https://www.instagram.com/aroonakadevil,aroonakadevil,Arun Chandrashekhar,https://scontent-lga3-2.cdninstagram.com/v/t51.2885-19/s150x150/69642630_928331354232916_5597675359853084672_n.jpg?tp=1&_nc_ht=scontent-lga3-2.cdninstagram.com&_nc_ohc=FDWjrK8PLiYAX96y7a1&oh=d70b143fb1f0d4116e057e09ff3904a8&oe=606A3DF4,2305779194,FALSE,FALSE,FALSE
https://www.instagram.com/aruntrendzzz,2021-03-03T06:59:35.344Z,,https://www.instagram.com/rak_housepack,rak_housepack,house of disposable,https://scontent-lga3-2.cdninstagram.com/v/t51.2885-19/s150x150/118867820_1951878498288416_803256698779777225_n.jpg?tp=1&_nc_ht=scontent-lga3-2.cdninstagram.com&_nc_ohc=mJWHbaFWUB8AX_sahsf&oh=d0594cd230031f2c69ab49cc25904cb7&oe=6069F8F1,6828010970,FALSE,FALSE,FALSE
https://www.instagram.com/aruntrendzzz,2021-03-03T06:59:35.344Z,,https://www.instagram.com/events_at_coimbatore,events_at_coimbatore,Events at Coimbatore (EAC),https://scontent-lga3-2.cdninstagram.com/v/t51.2885-19/s150x150/29093188_1981547275507027_6887466464182272000_n.jpg?tp=1&_nc_ht=scontent-lga3-2.cdninstagram.com&_nc_ohc=2L9dGlIXwYYAX_RSbFm&oh=58ab97382846cc3f444ee8a3ad83cf31&oe=60687C9C,6428300363,FALSE,FALSE,FALSE
https://www.instagram.com/aruntrendzzz,2021-03-03T06:59:35.344Z,,https://www.instagram.com/s_bose_siranjeevi_gowda,s_bose_siranjeevi_gowda,S Bose Siranjeevi Gowda,https://scontent-lga3-2.cdninstagram.com/v/t51.2885-19/s150x150/52852316_576312426182332_5105991674220249088_n.jpg?tp=1&_nc_ht=scontent-lga3-2.cdninstagram.com&_nc_ohc=5yAb_eqWDG4AX-3DYrh&oh=438cce9833f15696688ace6ea5d19e89&oe=6069F4A2,11811133042,FALSE,FALSE,FALSE
https://www.instagram.com/aruntrendzzz,2021-03-03T06:59:35.344Z,,https://www.instagram.com/dinesh__dheen,dinesh__dheen,Dinesh Dheen,https://scontent-lga3-2.cdninstagram.com/v/t51.2885-19/s150x150/117676101_125281028957149_992716207441143082_n.jpg?tp=1&_nc_ht=scontent-lga3-2.cdninstagram.com&_nc_ohc=Xxas3LdVijEAX9BSNZ3&oh=16e2e619c9c7852161b31791df3a7314&oe=6066D757,6838522403,TRUE,FALSE,FALSE
https://www.instagram.com/aruntrendzzz,2021-03-03T06:59:35.344Z,,https://www.instagram.com/techy_trolls,techy_trolls,‡Æâ‡Æô‡Øç‡Æï‡Æ≥‡ØÅ‡Æ≥‡Øç ‡Æí‡Æ∞‡ØÅ‡Æµ‡Æ©‡Øç üöπ,https://scontent-lga3-2.cdninstagram.com/v/t51.2885-19/s150x150/59330333_622853504889501_1787270341521833984_n.jpg?tp=1&_nc_ht=scontent-lga3-2.cdninstagram.com&_nc_ohc=sTYlIfnLDjMAX9qScv4&oh=4820e23388385e115dd66ea26604edc9&oe=60685131,13563690715,FALSE,FALSE,FALSE
https://www.instagram.com/aruntrendzzz,2021-03-03T06:59:35.344Z,,https://www.instagram.com/ajay2001_02_09,ajay2001_02_09,Ajay,https://scontent-hel3-1.cdninstagram.com/v/t51.2885-19/44884218_345707102882519_2446069589734326272_n.jpg?_nc_ht=scontent-hel3-1.cdninstagram.com&_nc_ohc=tLi1JZxA-MoAX83IiY7&oh=fc63c21f6c808a0fa06ed19cb16d125d&oe=6067CF8F&ig_cache_key=YW5vbnltb3VzX3Byb2ZpbGVfcGlj.2,12819548751,FALSE,FALSE,FALSE
https://www.instagram.com/aruntrendzzz,2021-03-03T06:59:35.344Z,,https://www.instagram.com/raphael_alex_003,raphael_alex_003,√Ål√àX,https://scontent-lga3-2.cdninstagram.com/v/t51.2885-19/s150x150/100660987_712511119524716_2623979311366930432_n.jpg?tp=1&_nc_ht=scontent-lga3-2.cdninstagram.com&_nc_ohc=fOM65vsfG6IAX80OFeB&oh=17d68859e0be4655fd992986eb9c6048&oe=6068F556,8023610061,TRUE,FALSE,FALSE
https://www.instagram.com/aruntrendzzz,2021-03-03T06:59:35.344Z,,https://www.instagram.com/being_h_uman,being_h_uman,barath venki,https://scontent-lga3-2.cdninstagram.com/v/t51.2885-19/s150x150/120262735_1079529242529047_5722053579104633649_n.jpg?tp=1&_nc_ht=scontent-lga3-2.cdninstagram.com&_nc_ohc=I3PcriuV4LcAX9SmWQ6&oh=80a2a6c04ca957e806c9958f6d0be88f&oe=6068BDAC,6659740292,FALSE,FALSE,FALSE
https://www.instagram.com/aruntrendzzz,2021-03-03T06:59:35.344Z,,https://www.instagram.com/varsha_eswaran,varsha_eswaran,VARSHA,https://scontent-lga3-2.cdninstagram.com/v/t51.2885-19/s150x150/107570303_1031536550634101_1449421738606562081_n.jpg?tp=1&_nc_ht=scontent-lga3-2.cdninstagram.com&_nc_ohc=0bbxrOqJ1hQAX_XMtxu&oh=2cba02e76df905803f6edd495fbdfca6&oe=6069B206,10427847037,TRUE,FALSE,TRUE
https://www.instagram.com/aruntrendzzz,2021-03-03T06:59:35.344Z,,https://www.instagram.com/anand_thalapathi,anand_thalapathi,Thalapathi Anand,https://scontent-lga3-2.cdninstagram.com/v/t51.2885-19/s150x150/39596403_2036124689766061_3649046721972928512_n.jpg?tp=1&_nc_ht=scontent-lga3-2.cdninstagram.com&_nc_ohc=Va_dfPHt9gQAX8gMeId&oh=b424fdb3cb209f9918352cd52401c4c1&oe=6067E70B,8501910338,TRUE,FALSE,FALSE
https://www.instagram.com/aruntrendzzz,2021-03-03T06:59:35.344Z,,https://www.instagram.com/akil_yadhav,akil_yadhav,Akilan,https://scontent-lga3-2.cdninstagram.com/v/t51.2885-19/s150x150/100907735_248173399937574_6404294978528346112_n.jpg?tp=1&_nc_ht=scontent-lga3-2.cdninstagram.com&_nc_ohc=tGf6LA2FU9gAX8oszwz&oh=ca615f5577caff05669efb46eede32f2&oe=6066D55A,7039979286,FALSE,FALSE,FALSE
https://www.instagram.com/aruntrendzzz,2021-03-03T06:59:35.344Z,,https://www.instagram.com/_.cheilo_proclitic._,_.cheilo_proclitic._,Nithish kanna,https://scontent-lga3-2.cdninstagram.com/v/t51.2885-19/s150x150/133200457_1109784082803696_5470364690612557829_n.jpg?tp=1&_nc_ht=scontent-lga3-2.cdninstagram.com&_nc_ohc=lfN-nlKvIiwAX-iwTG1&oh=ab8e19d72e150a0d36d8758fde9650b5&oe=6069D562,8424943261,TRUE,FALSE,FALSE
https://www.instagram.com/aruntrendzzz,2021-03-03T06:59:35.344Z,,https://www.instagram.com/sudhagar_s27,sudhagar_s27,Sudhagar S,https://scontent-lga3-2.cdninstagram.com/v/t51.2885-19/s150x150/145841887_749993175948341_8884853805862869311_n.jpg?tp=1&_nc_ht=scontent-lga3-2.cdninstagram.com&_nc_ohc=Avs5UNN67cUAX_3qWRY&oh=decf46dce36339a0538b7ca6940e6a6f&oe=606732D6,8353448928,TRUE,FALSE,FALSE
https://www.instagram.com/aruntrendzzz,2021-03-03T06:59:35.344Z,,https://www.instagram.com/bhavi_ssbk,bhavi_ssbk,Bhavadharinie,https://scontent-lga3-2.cdninstagram.com/v/t51.2885-19/s150x150/120136003_996188920855345_5649361341433890473_n.jpg?tp=1&_nc_ht=scontent-lga3-2.cdninstagram.com&_nc_ohc=XjzEDqjIPakAX9NClvg&oh=c845f36d350adb43fc8b3ff977905dc7&oe=606995DF,4342931431,TRUE,FALSE,FALSE
https://www.instagram.com/aruntrendzzz,2021-03-03T06:59:35.344Z,,https://www.instagram.com/mohamed_anassss16,mohamed_anassss16,Mohamed Anas,https://scontent-lga3-2.cdninstagram.com/v/t51.2885-19/s150x150/81969800_600462190796287_8898019420845113344_n.jpg?tp=1&_nc_ht=scontent-lga3-2.cdninstagram.com&_nc_ohc=pFYXtDS2ioYAX9gO-Ft&oh=2f12734810cf5cb81bc1a61c5bf38eec&oe=60694B0A,7216799270,TRUE,FALSE,FALSE
https://www.instagram.com/aruntrendzzz,2021-03-03T06:59:35.344Z,,https://www.instagram.com/newbharathschooltiruvarur,newbharathschooltiruvarur,New Bharath School Thiruvarur,https://scontent-lga3-2.cdninstagram.com/v/t51.2885-19/s150x150/56622619_582404702266967_243338793858367488_n.jpg?tp=1&_nc_ht=scontent-lga3-2.cdninstagram.com&_nc_ohc=fkjocbMOZaMAX9xU0PI&oh=7a56da0bbe3e0165c08b96c9c2737770&oe=606A9F06,12388868102,FALSE,FALSE,FALSE
https://www.instagram.com/aruntrendzzz,2021-03-03T06:59:35.344Z,,https://www.instagram.com/premkrish30,premkrish30,Raghav Krish,https://scontent-lga3-2.cdninstagram.com/v/t51.2885-19/s150x150/144569358_3754699111243972_7071579525235536602_n.jpg?tp=1&_nc_ht=scontent-lga3-2.cdninstagram.com&_nc_ohc=sFXBiS_F5hAAX-xWke4&oh=31de150c30a5983742b70c754b6e2994&oe=606878AE,9617336917,TRUE,FALSE,FALSE
https://www.instagram.com/aruntrendzzz,2021-03-03T06:59:35.846Z,,https://www.instagram.com/saran_asokan,saran_asokan,Saran,https://scontent-lga3-2.cdninstagram.com/v/t51.2885-19/s150x150/120373802_326949918582360_1413197820479074214_n.jpg?tp=1&_nc_ht=scontent-lga3-2.cdninstagram.com&_nc_ohc=TqtgcFpwK1cAX-LWx4J&oh=f27789ed28c23dff791d96ed32a7082e&oe=6069C6B1,7950897815,FALSE,FALSE,FALSE
https://www.instagram.com/aruntrendzzz,2021-03-03T06:59:35.846Z,,https://www.instagram.com/bhavya_.01,bhavya_.01,,https://instagram.fknu1-1.fna.fbcdn.net/v/t51.2885-19/44884218_345707102882519_2446069589734326272_n.jpg?_nc_ht=instagram.fknu1-1.fna.fbcdn.net&_nc_ohc=tLi1JZxA-MoAX9v67hk&oh=41c81326c0ba9a8f4bc372ae156cf7c7&oe=6067CF8F&ig_cache_key=YW5vbnltb3VzX3Byb2ZpbGVfcGlj.2,8024773937,TRUE,FALSE,FALSE
https://www.instagram.com/aruntrendzzz,2021-03-03T06:59:35.846Z,,https://www.instagram.com/babithaa._,babithaa._,Babitha Reddy,https://scontent-lga3-2.cdninstagram.com/v/t51.2885-19/s150x150/152737407_844032533084398_6680588625226707154_n.jpg?tp=1&_nc_ht=scontent-lga3-2.cdninstagram.com&_nc_ohc=5mltYSS9MuYAX_2mqaK&oh=5e3f529439b33598d47e917c0d3e13da&oe=60677B9B,8596579118,TRUE,FALSE,TRUE
https://www.instagram.com/aruntrendzzz,2021-03-03T06:59:35.846Z,,https://www.instagram.com/_insomniac_nibba,_insomniac_nibba,Anith,https://scontent-lga3-2.cdninstagram.com/v/t51.2885-19/s150x150/143228431_460953438407774_4790555816590340624_n.jpg?tp=1&_nc_ht=scontent-lga3-2.cdninstagram.com&_nc_ohc=BrQaKHmsyowAX9jPJm0&oh=90c40fe249e2c2b0adca25d37eb26d9e&oe=606A9DD5,6906206595,TRUE,FALSE,FALSE
https://www.instagram.com/aruntrendzzz,2021-03-03T06:59:35.846Z,,https://www.instagram.com/prasannavijay92,prasannavijay92,___ùë∑ùíìùíÇùíîùíÇùíèùíèùíÇ___,https://scontent-lga3-2.cdninstagram.com/v/t51.2885-19/s150x150/120043778_3587561444598037_3310921639803026702_n.jpg?tp=1&_nc_ht=scontent-lga3-2.cdninstagram.com&_nc_ohc=ejbb6shNjpUAX_Y3FJD&oh=b46bdad91e9520661ae699ef49719f35&oe=6068476D,8141664677,FALSE,FALSE,FALSE
https://www.instagram.com/aruntrendzzz,2021-03-03T06:59:35.846Z,,https://www.instagram.com/idhu_meme_da,idhu_meme_da,meme poda poranüòâ,https://scontent-lga3-2.cdninstagram.com/v/t51.2885-19/s150x150/52859535_2272126623075334_8098228001306574848_n.jpg?tp=1&_nc_ht=scontent-lga3-2.cdninstagram.com&_nc_ohc=5EEFLBfE3BMAX_YfbM3&oh=528608660727010c234366ef10e68d46&oe=606911E4,11234310787,FALSE,FALSE,FALSE
https://www.instagram.com/aruntrendzzz,2021-03-03T06:59:35.846Z,,https://www.instagram.com/black_pearl_sri,black_pearl_sri,Sr√Ør√¢m m≈±≈£huk√ªmƒÉras√£my,https://scontent-lga3-2.cdninstagram.com/v/t51.2885-19/s150x150/29740300_613926672281085_6164680995057434624_n.jpg?tp=1&_nc_ht=scontent-lga3-2.cdninstagram.com&_nc_ohc=dIBWwql9HMAAX88TP--&oh=dda0c0aef95807a40219b270cf801053&oe=6068CE61,7474071238,FALSE,FALSE,FALSE
https://www.instagram.com/aruntrendzzz,2021-03-03T06:59:35.846Z,,https://www.instagram.com/__the_lonely_king__,__the_lonely_king__,üñ§shibiüñ§,https://scontent-lga3-2.cdninstagram.com/v/t51.2885-19/s150x150/109704732_586184608761526_2015759249378704686_n.jpg?tp=1&_nc_ht=scontent-lga3-2.cdninstagram.com&_nc_ohc=rshOs16M4HkAX8N99s3&oh=7637b9de7862bd1219d71771735df38f&oe=6067EF38,7842575174,FALSE,FALSE,TRUE
https://www.instagram.com/aruntrendzzz,2021-03-03T06:59:35.846Z,,https://www.instagram.com/aakash1072000,aakash1072000,‚ù§... Akash Tvr..‚ù§,https://scontent-lga3-2.cdninstagram.com/v/t51.2885-19/s150x150/142344290_834432353801138_6278960837830057216_n.jpg?tp=1&_nc_ht=scontent-lga3-2.cdninstagram.com&_nc_ohc=yTTbER7czSgAX-sDsmk&oh=26c2ddf46d0afcf7f9ca0157f5c50341&oe=606953F0,10610264259,FALSE,FALSE,FALSE
https://www.instagram.com/aruntrendzzz,2021-03-03T06:59:35.846Z,,https://www.instagram.com/retired_rowdy_12,retired_rowdy_12,single man army,https://scontent-lga3-2.cdninstagram.com/v/t51.2885-19/s150x150/145341299_140823384548691_6292424672727822919_n.jpg?tp=1&_nc_ht=scontent-lga3-2.cdninstagram.com&_nc_ohc=kgGlmzrQRocAX9dcD-T&oh=6c59ef08b3fa6b8cb6db00fbf001aaf3&oe=6066F084,5938587364,FALSE,FALSE,FALSE
https://www.instagram.com/aruntrendzzz,2021-03-03T06:59:35.846Z,,https://www.instagram.com/h_e_a_v_e_n_b_o_y_0001,h_e_a_v_e_n_b_o_y_0001,Vasudevan,https://scontent-lga3-2.cdninstagram.com/v/t51.2885-19/s150x150/129451794_142590953960158_9178898733668168099_n.jpg?tp=1&_nc_ht=scontent-lga3-2.cdninstagram.com&_nc_ohc=ZkAkuFTFZAQAX9FlFn0&oh=0472c2b4427bab8b81c76ce048ccc2f3&oe=60689DEA,10807598614,FALSE,FALSE,FALSE
https://www.instagram.com/aruntrendzzz,2021-03-03T06:59:35.846Z,,https://www.instagram.com/krishna_kumar_.06,krishna_kumar_.06,Krishna kumar,https://scontent-lga3-2.cdninstagram.com/v/t51.2885-19/s150x150/51496327_405904993492263_7620517622404087808_n.jpg?tp=1&_nc_ht=scontent-lga3-2.cdninstagram.com&_nc_ohc=zjO-jvfuj_MAX9dPxmm&oh=4b8e0e51a2157d72d95ba7eff48b42b9&oe=606713F9,11221644836,TRUE,FALSE,FALSE
https://www.instagram.com/aruntrendzzz,2021-03-03T06:59:35.846Z,,https://www.instagram.com/mrwirelessbrain,mrwirelessbrain,Souradrita Sarkar,https://scontent-lga3-2.cdninstagram.com/v/t51.2885-19/s150x150/21107437_1613214282087309_8656611867621326848_a.jpg?tp=1&_nc_ht=scontent-lga3-2.cdninstagram.com&_nc_ohc=PQocnT78uYIAX8hXapo&oh=83d1737d1ae0be4a7d68980bda86deeb&oe=606A803C,3076844029,FALSE,FALSE,FALSE
https://www.instagram.com/aruntrendzzz,2021-03-03T06:59:35.846Z,,https://www.instagram.com/akash__v__s,akash__v__s,Akash VS,https://scontent-lga3-2.cdninstagram.com/v/t51.2885-19/s150x150/58468524_2875080449199276_3006469762805923840_n.jpg?tp=1&_nc_ht=scontent-lga3-2.cdninstagram.com&_nc_ohc=c_gO_HRlVQsAX9GaZ2l&oh=fceb6d2cd5f996f6284f27d8207bb750&oe=6069CF32,7966398756,TRUE,FALSE,FALSE
https://www.instagram.com/aruntrendzzz,2021-03-03T06:59:35.846Z,,https://www.instagram.com/_rishikeshwaran_,_rishikeshwaran_,Rishikeshwaran C A,https://scontent-lga3-2.cdninstagram.com/v/t51.2885-19/s150x150/52574118_255891892020563_8817401136647503872_n.jpg?tp=1&_nc_ht=scontent-lga3-2.cdninstagram.com&_nc_ohc=q9t0sJSSQawAX821t1-&oh=d1d7f4aca43d2f1efec91046d121b877&oe=6066CA88,10859572509,FALSE,FALSE,TRUE
https://www.instagram.com/aruntrendzzz,2021-03-03T06:59:35.846Z,,https://www.instagram.com/ramgopal02,ramgopal02,Ram Gopal,https://instagram.fknu1-1.fna.fbcdn.net/v/t51.2885-19/44884218_345707102882519_2446069589734326272_n.jpg?_nc_ht=instagram.fknu1-1.fna.fbcdn.net&_nc_ohc=tLi1JZxA-MoAX9v67hk&oh=41c81326c0ba9a8f4bc372ae156cf7c7&oe=6067CF8F&ig_cache_key=YW5vbnltb3VzX3Byb2ZpbGVfcGlj.2,5325079448,TRUE,FALSE,FALSE
https://www.instagram.com/aruntrendzzz,2021-03-03T06:59:35.846Z,,https://www.instagram.com/_repent_now_,_repent_now_,THE KINGDOM OF GOD IS NEAR,https://scontent-lga3-2.cdninstagram.com/v/t51.2885-19/s150x150/44378286_556319078122330_5007256887255629824_n.jpg?tp=1&_nc_ht=scontent-lga3-2.cdninstagram.com&_nc_ohc=LKQyvcHFvFUAX9dQ-fK&oh=ef9176f2328f64bde26d00332c7b97de&oe=6067350C,8991870105,FALSE,FALSE,FALSE
https://www.instagram.com/aruntrendzzz,2021-03-03T06:59:35.846Z,,https://www.instagram.com/shadow_of_devil_,shadow_of_devil_,Kishore Kumar,https://scontent-lga3-2.cdninstagram.com/v/t51.2885-19/s150x150/151818556_471726403989281_5168284668596368141_n.jpg?tp=1&_nc_ht=scontent-lga3-2.cdninstagram.com&_nc_ohc=YLkCVF2BWnEAX_j_2R_&oh=d6c156803140dcfcb7bcf7eae80eb21f&oe=6069121E,5938344613,TRUE,FALSE,FALSE
https://www.instagram.com/aruntrendzzz,2021-03-03T06:59:35.846Z,,https://www.instagram.com/__.lavu._.craze.__,__.lavu._.craze.__,üíôüíñLavu crazeüíñüíô,https://scontent-lga3-2.cdninstagram.com/v/t51.2885-19/s150x150/116927985_2561157090863819_354871340498524018_n.jpg?tp=1&_nc_ht=scontent-lga3-2.cdninstagram.com&_nc_ohc=yzVHC_b1CscAX_zeaJM&oh=acd59759c09713ebd25385efdc8c998b&oe=60671AF3,8881927529,TRUE,FALSE,TRUE
https://www.instagram.com/aruntrendzzz,2021-03-03T06:59:35.846Z,,https://www.instagram.com/jana_krish1,jana_krish1,üòéJANAüòé_‚ù§HT‚ù§,https://scontent-lga3-2.cdninstagram.com/v/t51.2885-19/s150x150/70190697_1122276721310918_2573139667520061440_n.jpg?tp=1&_nc_ht=scontent-lga3-2.cdninstagram.com&_nc_ohc=5TyMOEtzd4oAX9Gsl9o&oh=e9267b10a3500cd2043535850c267d6b&oe=606A468B,5869436738,TRUE,FALSE,TRUE
https://www.instagram.com/aruntrendzzz,2021-03-03T06:59:35.846Z,,https://www.instagram.com/sriavinash07,sriavinash07,Sri avinash,https://scontent-lga3-2.cdninstagram.com/v/t51.2885-19/s150x150/148705510_242467637413141_6587503505715696936_n.jpg?tp=1&_nc_ht=scontent-lga3-2.cdninstagram.com&_nc_ohc=VcQmYiWWitQAX8yaBUQ&oh=95df022bfb9286c2d2eb527d8251441a&oe=606803F8,8355209273,TRUE,FALSE,FALSE
https://www.instagram.com/aruntrendzzz,2021-03-03T06:59:35.846Z,,https://www.instagram.com/rj_mokshith,rj_mokshith,Mokshith,https://scontent-lga3-2.cdninstagram.com/v/t51.2885-19/s150x150/33470036_2125462111116050_1434006914898853888_n.jpg?tp=1&_nc_ht=scontent-lga3-2.cdninstagram.com&_nc_ohc=V32bcSSOEZ4AX8SAkg0&oh=c74e7edce5c0855a537939342678596d&oe=6069AD16,8045728880,FALSE,FALSE,TRUE
https://www.instagram.com/aruntrendzzz,2021-03-03T06:59:35.846Z,,https://www.instagram.com/rajesh_choudary_,rajesh_choudary_,Rakesh Choudary,https://scontent-lga3-2.cdninstagram.com/v/t51.2885-19/s150x150/47694368_365089800970329_8762042508600410112_n.jpg?tp=1&_nc_ht=scontent-lga3-2.cdninstagram.com&_nc_ohc=xA0RObYsvqsAX8vDllb&oh=665cd0ba039a724bdfac21410febef06&oe=6067B79C,10003802720,FALSE,FALSE,FALSE
https://www.instagram.com/aruntrendzzz,2021-03-03T06:59:35.846Z,,https://www.instagram.com/ajey729,ajey729,Ajey,https://scontent-lga3-2.cdninstagram.com/v/t51.2885-19/s150x150/40705759_262420627946437_2987920958695669760_n.jpg?tp=1&_nc_ht=scontent-lga3-2.cdninstagram.com&_nc_ohc=Ax6NgyX1yCIAX_055qG&oh=a3d9e2f14a7ace359587fb88159906cd&oe=6069A701,8537216984,FALSE,FALSE,FALSE
https://www.instagram.com/aruntrendzzz,2021-03-03T06:59:35.846Z,,https://www.instagram.com/nicholas__edward,nicholas__edward,Jeffrey Nicholas,https://scontent-lga3-2.cdninstagram.com/v/t51.2885-19/s150x150/83189720_180789906492981_6316058942766055424_n.jpg?tp=1&_nc_ht=scontent-lga3-2.cdninstagram.com&_nc_ohc=g3GR0XG7MJkAX_MEzek&oh=e0d750745da49e62722460ddfa102dab&oe=606A8FEA,8093775977,TRUE,FALSE,TRUE
https://www.instagram.com/aruntrendzzz,2021-03-03T06:59:35.846Z,,https://www.instagram.com/sundaram365,sundaram365,Sundaram,https://scontent-lga3-2.cdninstagram.com/v/t51.2885-19/s150x150/81830323_578051979415756_7267827350576824320_n.jpg?tp=1&_nc_ht=scontent-lga3-2.cdninstagram.com&_nc_ohc=4AG346I7qlUAX-chmZ5&oh=0d2b150b71eb5d11072ca76e1d9510a1&oe=60676F4C,8555415599,TRUE,FALSE,FALSE
https://www.instagram.com/aruntrendzzz,2021-03-03T06:59:35.846Z,,https://www.instagram.com/sri_nagul_baskar,sri_nagul_baskar,Sri Nagul.G,https://scontent-lga3-2.cdninstagram.com/v/t51.2885-19/s150x150/75538190_1664393217029739_5321432074215751680_n.jpg?tp=1&_nc_ht=scontent-lga3-2.cdninstagram.com&_nc_ohc=hymU7FwpWfQAX_dAVmX&oh=dee901828d47d70dcece2bae34cbfddb&oe=6067F6CD,8997765699,FALSE,FALSE,TRUE
https://www.instagram.com/aruntrendzzz,2021-03-03T06:59:35.846Z,,https://www.instagram.com/ttrnni,ttrnni,‡Æ§‡Æ∞‡Æ£‡Æø,https://scontent-lga3-2.cdninstagram.com/v/t51.2885-19/s150x150/42625676_188432528723704_4020062863337979904_n.jpg?tp=1&_nc_ht=scontent-lga3-2.cdninstagram.com&_nc_ohc=tlLdz8UsCTYAX8IOCpk&oh=f0d3cfc65b36f638be547a6bcaf35d38&oe=606A4153,6871718382,FALSE,FALSE,TRUE
https://www.instagram.com/aruntrendzzz,2021-03-03T06:59:35.846Z,,https://www.instagram.com/siva_koushik_16,siva_koushik_16,Siva Koushik,https://scontent-lga3-2.cdninstagram.com/v/t51.2885-19/s150x150/59802673_438603043352401_1617879249434181632_n.jpg?tp=1&_nc_ht=scontent-lga3-2.cdninstagram.com&_nc_ohc=R27Iu6XTNmUAX-zCXLv&oh=0374210a74898e22d4610f70ba3d8808&oe=6067917C,4002749914,TRUE,FALSE,TRUE
https://www.instagram.com/aruntrendzzz,2021-03-03T06:59:35.846Z,,https://www.instagram.com/ashwin7818,ashwin7818,petta,https://scontent-lga3-2.cdninstagram.com/v/t51.2885-19/s150x150/60421258_818375218529351_4779094858553884672_n.jpg?tp=1&_nc_ht=scontent-lga3-2.cdninstagram.com&_nc_ohc=OpnG3EHpw2YAX_MnzfF&oh=75347c37be1262d14d0553fd6509b753&oe=60682F21,8277198215,FALSE,FALSE,FALSE
https://www.instagram.com/aruntrendzzz,2021-03-03T06:59:35.846Z,,https://www.instagram.com/bharathi_arjunan,bharathi_arjunan,Bharathi,https://scontent-lga3-2.cdninstagram.com/v/t51.2885-19/s150x150/129172098_299727601350138_2017120460402249942_n.jpg?tp=1&_nc_ht=scontent-lga3-2.cdninstagram.com&_nc_ohc=TnDE-D_fy8wAX_jJrYp&oh=ce6e424a3f2e2f2bdf4a27d6764239dc&oe=606A53EA,8138046978,TRUE,FALSE,TRUE
https://www.instagram.com/aruntrendzzz,2021-03-03T06:59:35.846Z,,https://www.instagram.com/adwinsanjo,adwinsanjo,AdwinSANJO,https://scontent-lga3-2.cdninstagram.com/v/t51.2885-19/s150x150/82002237_568102620701653_7912592045825327104_n.jpg?tp=1&_nc_ht=scontent-lga3-2.cdninstagram.com&_nc_ohc=v1_4SlX5LKgAX-gj4DJ&oh=eca114508c9bf9d32d2d14ff77194e8d&oe=6069A8F0,7871301578,TRUE,FALSE,TRUE
https://www.instagram.com/aruntrendzzz,2021-03-03T06:59:35.846Z,,https://www.instagram.com/sanjaya_prabbakar_m_s,sanjaya_prabbakar_m_s,Sanjaya Prabbakar,https://scontent-lga3-2.cdninstagram.com/v/t51.2885-19/s150x150/69568881_2803716159854745_9143928817054646272_n.jpg?tp=1&_nc_ht=scontent-lga3-2.cdninstagram.com&_nc_ohc=n6YzOMz8YlsAX-9uvgw&oh=1c38896b19ed48abf63d66486684efad&oe=60698885,8156609116,TRUE,FALSE,TRUE
https://www.instagram.com/aruntrendzzz,2021-03-03T06:59:35.846Z,,https://www.instagram.com/sa_sa_nk_22,sa_sa_nk_22,Sasank S,https://scontent-lga3-2.cdninstagram.com/v/t51.2885-19/s150x150/133741363_895811811161484_3733472585641860973_n.jpg?tp=1&_nc_ht=scontent-lga3-2.cdninstagram.com&_nc_ohc=aYIW_E_lHEkAX-OZC48&oh=924e255a5b3398ab64742eb6af8fe4a0&oe=6066E891,1371718136,TRUE,FALSE,TRUE
https://www.instagram.com/aruntrendzzz,2021-03-03T06:59:35.846Z,,https://www.instagram.com/mohammedarshad05,mohammedarshad05,ARSH,https://scontent-lga3-2.cdninstagram.com/v/t51.2885-19/s150x150/115740460_825587037975753_3710112498514639077_n.jpg?tp=1&_nc_ht=scontent-lga3-2.cdninstagram.com&_nc_ohc=jEUrATGF8lQAX-LATZB&oh=7bdda583ca08fe3c3964c58bc51cdaef&oe=60674881,8366643581,TRUE,FALSE,FALSE
https://www.instagram.com/aruntrendzzz,2021-03-03T06:59:35.846Z,,https://www.instagram.com/_well_wisher.__,_well_wisher.__,‡ºÑ‚Ñ£·¥ã·≠Ñ‚òÜM√£ddy‡øê,https://scontent-lga3-2.cdninstagram.com/v/t51.2885-19/s150x150/144070484_465925141245343_3231969805677930272_n.jpg?tp=1&_nc_ht=scontent-lga3-2.cdninstagram.com&_nc_ohc=5jX2dnEXVjkAX8rPL8Z&oh=d81b8723e8e50e579b98451ff0b75deb&oe=606830B6,7518558060,FALSE,FALSE,FALSE
https://www.instagram.com/aruntrendzzz,2021-03-03T06:59:35.846Z,,https://www.instagram.com/vignesh__nallasamy,vignesh__nallasamy,Vicky,https://scontent-lga3-2.cdninstagram.com/v/t51.2885-19/s150x150/143522227_326571325386829_429216488405697449_n.jpg?tp=1&_nc_ht=scontent-lga3-2.cdninstagram.com&_nc_ohc=jmmhYA3PuUUAX88IIRf&oh=c0c98f66ccab68ccd8d4037713df08b5&oe=606846BB,6863604133,TRUE,FALSE,TRUE
https://www.instagram.com/aruntrendzzz,2021-03-03T06:59:35.846Z,,https://www.instagram.com/_senthilmurugan,_senthilmurugan,‡Æö‡ØÜ‡Æ®‡Øç‡Æ§‡Æø‡Æ≤‡Øç‡ÆÆ‡ØÅ‡Æ∞‡ØÅ‡Æï‡Æ©‡Øç,https://scontent-lga3-2.cdninstagram.com/v/t51.2885-19/s150x150/51635268_591146881360927_8199517417638985728_n.jpg?tp=1&_nc_ht=scontent-lga3-2.cdninstagram.com&_nc_ohc=_F5xrQT6OEIAX9ZyvzY&oh=4e93a59cff7ddab26f51a6a443d3aba0&oe=6067159B,8553125658,TRUE,FALSE,TRUE
https://www.instagram.com/aruntrendzzz,2021-03-03T06:59:35.846Z,,https://www.instagram.com/l_friendly_neighbourhood_l,l_friendly_neighbourhood_l,Sutheep Ajay,https://scontent-lga3-2.cdninstagram.com/v/t51.2885-19/s150x150/79911894_804199980021059_178959102402101248_n.jpg?tp=1&_nc_ht=scontent-lga3-2.cdninstagram.com&_nc_ohc=6SY9p8Rft74AX_2qzOk&oh=c6377beec80fa6f622e2516636c95ce7&oe=6069FA34,5325200424,TRUE,FALSE,FALSE
https://www.instagram.com/aruntrendzzz,2021-03-03T06:59:35.846Z,,https://www.instagram.com/mr_.hariram._1318,mr_.hariram._1318,RamKumar Ayyadurai,https://scontent-lga3-2.cdninstagram.com/v/t51.2885-19/s150x150/121376535_129949975543206_4358989948706578191_n.jpg?tp=1&_nc_ht=scontent-lga3-2.cdninstagram.com&_nc_ohc=iuFh6FMemUYAX-FTMXq&oh=d374bf7d1e90887cf7f95ba5edd26a82&oe=60693C9B,10005553752,TRUE,FALSE,FALSE
https://www.instagram.com/aruntrendzzz,2021-03-03T06:59:35.846Z,,https://www.instagram.com/ajmal.1818,ajmal.1818,Ajmalüñ§üòá,https://scontent-lga3-2.cdninstagram.com/v/t51.2885-19/s150x150/153132288_258717962560719_648973929321346117_n.jpg?tp=1&_nc_ht=scontent-lga3-2.cdninstagram.com&_nc_ohc=befOYND5-MIAX-ZNuEg&oh=120431bba48bd37d7b81d5b8df34f36b&oe=6068ACAD,9775686070,TRUE,FALSE,FALSE
https://www.instagram.com/aruntrendzzz,2021-03-03T06:59:35.846Z,,https://www.instagram.com/bkbala3710,bkbala3710,bala‚è©(bk's.in),https://scontent-lga3-2.cdninstagram.com/v/t51.2885-19/s150x150/101687042_689352098528430_2107215372611527750_n.jpg?tp=1&_nc_ht=scontent-lga3-2.cdninstagram.com&_nc_ohc=JPekuhC0Mf0AX8xpyZW&oh=cdb27f3c0cc0915355f8d939028d1dd8&oe=6069FBB1,8382434971,TRUE,FALSE,FALSE
https://www.instagram.com/aruntrendzzz,2021-03-03T06:59:35.846Z,,https://www.instagram.com/_.b.k.g._,_.b.k.g._,‡Æï‡Øã‡Æï‡ØÅ‡Æ≤‡Øçüíé,https://scontent-lga3-2.cdninstagram.com/v/t51.2885-19/s150x150/74607454_914953382212226_101574494786682880_n.jpg?tp=1&_nc_ht=scontent-lga3-2.cdninstagram.com&_nc_ohc=LWzOXNHSaBwAX-nOltV&oh=1ebaa927ed8479a21389922c15690946&oe=60686E56,9756356174,FALSE,FALSE,FALSE
https://www.instagram.com/aruntrendzzz,2021-03-03T06:59:36.543Z,,https://www.instagram.com/_crazer._,_crazer._,Kishore,https://scontent-lga3-2.cdninstagram.com/v/t51.2885-19/s150x150/80424513_487930798805266_8985411839131123712_n.jpg?tp=1&_nc_ht=scontent-lga3-2.cdninstagram.com&_nc_ohc=ysBYaFXPj_sAX-Fgx7y&oh=13c3b70281e9bd59dc9f1e598297942d&oe=606A741B,9202586777,TRUE,FALSE,FALSE
https://www.instagram.com/aruntrendzzz,2021-03-03T06:59:36.543Z,,https://www.instagram.com/srinath_nsk_,srinath_nsk_,ÍßÅ‡ºí‚ò¨SRINATH‚ò¨‡ºíÍßÇ,https://scontent-lga3-2.cdninstagram.com/v/t51.2885-19/s150x150/119135048_794608054690857_5301124281289607443_n.jpg?tp=1&_nc_ht=scontent-lga3-2.cdninstagram.com&_nc_ohc=m0gKtsicP-sAX9mCe6S&oh=0b0da9cba8612672330f697f9346a9d7&oe=6067CE04,8313545754,FALSE,FALSE,FALSE
https://www.instagram.com/aruntrendzzz,2021-03-03T06:59:36.543Z,,https://www.instagram.com/akilan_04,akilan_04,‡ÆÖ‡Æï‡Æø‡Æ≤‡Æ©‡Øçüòé,https://scontent-lga3-2.cdninstagram.com/v/t51.2885-19/s150x150/122983533_1764155500389555_3208989627297891395_n.jpg?tp=1&_nc_ht=scontent-lga3-2.cdninstagram.com&_nc_ohc=9e4yqcCK9DgAX-jvcPQ&oh=4029979b7c7aeaae2d20806e52373ab4&oe=60672E8F,7478384957,TRUE,FALSE,TRUE
https://www.instagram.com/aruntrendzzz,2021-03-03T06:59:36.543Z,,https://www.instagram.com/aakash_kash_22,aakash_kash_22,/-\/-\K/-\$|-|,https://scontent-lga3-2.cdninstagram.com/v/t51.2885-19/s150x150/143294444_457168065655399_3576212807012888063_n.jpg?tp=1&_nc_ht=scontent-lga3-2.cdninstagram.com&_nc_ohc=E8dRsZDLHvgAX-7s-Jx&oh=a1a1c51e40b81422978f788b35ca397d&oe=606A841C,8569954844,TRUE,FALSE,FALSE
https://www.instagram.com/aruntrendzzz,2021-03-03T06:59:36.543Z,,https://www.instagram.com/kamles_h_,kamles_h_,,https://scontent-lga3-2.cdninstagram.com/v/t51.2885-19/s150x150/134989423_112130904103750_7528477715506521021_n.jpg?tp=1&_nc_ht=scontent-lga3-2.cdninstagram.com&_nc_ohc=J3sn7bZ_YtYAX_K_E1j&oh=66558efa31476b0515a59ce20284761c&oe=606773BF,2133666116,TRUE,FALSE,TRUE
https://www.instagram.com/aruntrendzzz,2021-03-03T06:59:36.543Z,,https://www.instagram.com/ck_rajasuriya,ck_rajasuriya,Ck Rajasuriya,https://scontent-lga3-2.cdninstagram.com/v/t51.2885-19/s150x150/139258075_750455652344354_5331142027306824255_n.jpg?tp=1&_nc_ht=scontent-lga3-2.cdninstagram.com&_nc_ohc=tyQdWCsZ7xAAX9HXAi3&oh=3a5d823bd994adbb7c03d835423b00b7&oe=606A1BCE,6858765327,TRUE,FALSE,TRUE
https://www.instagram.com/aruntrendzzz,2021-03-03T06:59:36.543Z,,https://www.instagram.com/im_lunatic__,im_lunatic__,jagathees,https://scontent-lga3-2.cdninstagram.com/v/t51.2885-19/s150x150/43915481_2197612100497268_3351673275276066816_n.jpg?tp=1&_nc_ht=scontent-lga3-2.cdninstagram.com&_nc_ohc=e-MK3fWsOXsAX9wm3Cu&oh=5687f4aca284bece07ea966e39e1dd79&oe=6068E6F9,7434777660,TRUE,FALSE,FALSE
https://www.instagram.com/aruntrendzzz,2021-03-03T06:59:36.543Z,,https://www.instagram.com/ghost_gopal_2.o,ghost_gopal_2.o,ghost gopal,https://scontent-lga3-2.cdninstagram.com/v/t51.2885-19/s150x150/52106111_553497608482911_2656307281095819264_n.jpg?tp=1&_nc_ht=scontent-lga3-2.cdninstagram.com&_nc_ohc=1oDHR03QPG0AX_8mHBW&oh=56be5e3c0ba7b2e4541dc9d8bdcd4c36&oe=6069A96C,9125068969,FALSE,FALSE,FALSE
https://www.instagram.com/aruntrendzzz,2021-03-03T06:59:36.543Z,,https://www.instagram.com/kiyas.19,kiyas.19,ŸÇŸäÿßÿ≥ŸàÿØŸäŸÜ,https://scontent-lga3-2.cdninstagram.com/v/t51.2885-19/s150x150/146099974_327083145352394_447440417395872419_n.jpg?tp=1&_nc_ht=scontent-lga3-2.cdninstagram.com&_nc_ohc=7zC2gFUBMRAAX-jpA2r&oh=f012df8f83377efb61217889b19c99c3&oe=606928C6,9047485986,TRUE,FALSE,FALSE
https://www.instagram.com/aruntrendzzz,2021-03-03T06:59:36.543Z,,https://www.instagram.com/_pirate_10,_pirate_10,AASHIQ,https://scontent-lga3-2.cdninstagram.com/v/t51.2885-19/s150x150/145164025_740852383226496_7585867255059848919_n.jpg?tp=1&_nc_ht=scontent-lga3-2.cdninstagram.com&_nc_ohc=BTJ6fWLJsroAX-JiA5u&oh=4d77002eafed1ee41d82d46c279b4bf8&oe=6067A56A,9137635947,FALSE,FALSE,FALSE
https://www.instagram.com/aruntrendzzz,2021-03-03T06:59:36.543Z,,https://www.instagram.com/adhavanalexander,adhavanalexander,Adhavan Alexander,https://scontent-lga3-2.cdninstagram.com/v/t51.2885-19/10787982_1493155407638945_1923896866_a.jpg?_nc_ht=scontent-lga3-2.cdninstagram.com&_nc_ohc=cc6nZ1MXfxQAX_XGfbp&oh=9f1ac03843f75d50135863e8a86bca66&oe=6068DED5,1577919939,FALSE,FALSE,TRUE
https://www.instagram.com/aruntrendzzz,2021-03-03T06:59:36.543Z,,https://www.instagram.com/psg_deadly_trolls,psg_deadly_trolls,PSG_Deadly_Trolls,https://scontent-lga3-2.cdninstagram.com/v/t51.2885-19/s150x150/38159019_318845211992631_622550132256145408_n.jpg?tp=1&_nc_ht=scontent-lga3-2.cdninstagram.com&_nc_ohc=fDjSdHerwhMAX8Sjwfc&oh=31d8e7e56e65a371f46f7a14ab094819&oe=60679CF7,7013342788,TRUE,FALSE,TRUE
https://www.instagram.com/aruntrendzzz,2021-03-03T06:59:36.543Z,,https://www.instagram.com/padmaraj_saravanan,padmaraj_saravanan,PADMARAJ SARAVANAN,https://scontent-lga3-2.cdninstagram.com/v/t51.2885-19/s150x150/153687662_128814525822815_7334076355104020173_n.jpg?tp=1&_nc_ht=scontent-lga3-2.cdninstagram.com&_nc_ohc=8Yx3T5nLnu8AX-dN9hA&oh=98d964e381243d8188a88c36e9475c17&oe=6067F828,8368908859,TRUE,FALSE,FALSE
https://www.instagram.com/aruntrendzzz,2021-03-03T06:59:36.543Z,,https://www.instagram.com/143__eraser,143__eraser,Prem‚ù£Ô∏è,https://scontent-lga3-2.cdninstagram.com/v/t51.2885-19/s150x150/75588006_2353818401596875_1980569021170319360_n.jpg?tp=1&_nc_ht=scontent-lga3-2.cdninstagram.com&_nc_ohc=npUFy6YiGV8AX89BbSy&oh=9b7b1266b18d9eb22f3ac2c7237db86d&oe=6067CFF4,8389834575,TRUE,FALSE,FALSE
https://www.instagram.com/aruntrendzzz,2021-03-03T06:59:36.543Z,,https://www.instagram.com/__.v_.i_.s_.h_.n_.u__,__.v_.i_.s_.h_.n_.u__,üëëV. I. S. H. N. Uüëë,https://scontent-lga3-2.cdninstagram.com/v/t51.2885-19/s150x150/149124656_2406139156199599_282042995402203455_n.jpg?tp=1&_nc_ht=scontent-lga3-2.cdninstagram.com&_nc_ohc=rRzv5nns7AwAX_U_AtZ&oh=870ad891891d312e291d1c57e4d62acd&oe=60680277,7729255479,FALSE,FALSE,TRUE
https://www.instagram.com/aruntrendzzz,2021-03-03T06:59:36.543Z,,https://www.instagram.com/ap____143,ap____143,APüñ§,https://scontent-lga3-2.cdninstagram.com/v/t51.2885-19/s150x150/91853440_848461622247903_1818461433407471616_n.jpg?tp=1&_nc_ht=scontent-lga3-2.cdninstagram.com&_nc_ohc=QyPYk70Ch4IAX8XeCJ_&oh=cd5982c53f543d048ba8568fbcf0af56&oe=60680F14,7422789692,TRUE,FALSE,FALSE
https://www.instagram.com/aruntrendzzz,2021-03-03T06:59:36.543Z,,https://www.instagram.com/sri_ram_aravind_sai,sri_ram_aravind_sai,Aravind,https://scontent-lga3-2.cdninstagram.com/v/t51.2885-19/s150x150/105983613_689583378286597_702740384310025275_n.jpg?tp=1&_nc_ht=scontent-lga3-2.cdninstagram.com&_nc_ohc=mLpv8WECZQsAX815ODr&oh=ac5129c6ac0bdb9acd2b7e73ca1afed7&oe=60693862,7528988271,FALSE,FALSE,FALSE
https://www.instagram.com/aruntrendzzz,2021-03-03T06:59:36.543Z,,https://www.instagram.com/_rajpraveen,_rajpraveen,ùêè.ùêëùêöùê£ ùêèùê´ùêöùêØùêûùêûùêß ‚ù£,https://scontent-lga3-2.cdninstagram.com/v/t51.2885-19/s150x150/149087938_426360885357158_1958367877520543020_n.jpg?tp=1&_nc_ht=scontent-lga3-2.cdninstagram.com&_nc_ohc=Ti5VNOOlCB8AX9sPaKs&oh=28e3185b7395e5cd99f3b06b7f28aabd&oe=606A6812,9056700550,TRUE,FALSE,FALSE
https://www.instagram.com/aruntrendzzz,2021-03-03T06:59:36.543Z,,https://www.instagram.com/___.s.p.i.d.e.y_07.___,___.s.p.i.d.e.y_07.___,Âç©ÂçÇÂ∞∫‚ö°„ÑíÂçÑ‰∏®,https://scontent-lga3-2.cdninstagram.com/v/t51.2885-19/s150x150/155897701_439862763895309_867257374684068255_n.jpg?tp=1&_nc_ht=scontent-lga3-2.cdninstagram.com&_nc_ohc=JKNjrPiPukMAX-AB2W6&oh=8f78542a4b897754ac1b0f394379164a&oe=6069E51E,8167353707,TRUE,FALSE,TRUE
https://www.instagram.com/aruntrendzzz,2021-03-03T06:59:36.543Z,,https://www.instagram.com/sleeper_cellz_of_psg,sleeper_cellz_of_psg,‚ô• PSG FAMILY ‚ô•,https://scontent-lga3-2.cdninstagram.com/v/t51.2885-19/s150x150/116698102_165298258421092_9079379258083207200_n.jpg?tp=1&_nc_ht=scontent-lga3-2.cdninstagram.com&_nc_ohc=vx61ruKCM9cAX9J7FZ9&oh=43bfc1932cd05025539bc43422e85caf&oe=60674AF8,6906670305,FALSE,FALSE,TRUE
https://www.instagram.com/aruntrendzzz,2021-03-03T06:59:36.543Z,,https://www.instagram.com/baccardi1004,baccardi1004,(saravananüíú),https://scontent-lga3-2.cdninstagram.com/v/t51.2885-19/s150x150/120598906_669049830414734_7621855812048433093_n.jpg?tp=1&_nc_ht=scontent-lga3-2.cdninstagram.com&_nc_ohc=WnVxYEO_tbcAX-MMT4s&oh=2d4c60294185cd627b339dbb78ad9fdf&oe=6068205D,7418471684,TRUE,FALSE,FALSE
https://www.instagram.com/aruntrendzzz,2021-03-03T06:59:36.543Z,,https://www.instagram.com/_.deen_rifa._,_.deen_rifa._,ÿ±ŸÅÿßÿπŸä ÿßŸÑÿØŸäŸÜ,https://scontent-lga3-2.cdninstagram.com/v/t51.2885-19/s150x150/110565251_283858466271492_1428360469075885444_n.jpg?tp=1&_nc_ht=scontent-lga3-2.cdninstagram.com&_nc_ohc=0f3GhWBiGMAAX_lGFEy&oh=facc2ca2339ddee4338965d826e84331&oe=60690FE2,5504724924,FALSE,FALSE,FALSE
https://www.instagram.com/aruntrendzzz,2021-03-03T06:59:36.543Z,,https://www.instagram.com/rkavin78,rkavin78,Kavin_Raj_√É_M,https://scontent-lga3-2.cdninstagram.com/v/t51.2885-19/s150x150/87433006_1032345590467750_6979684269635403776_n.jpg?tp=1&_nc_ht=scontent-lga3-2.cdninstagram.com&_nc_ohc=WTu0YfgyWI0AX__MsTp&oh=dc30e91a1fcc67efaf6edb4d97c6d030&oe=60671CD6,7188325435,TRUE,FALSE,TRUE
https://www.instagram.com/aruntrendzzz,2021-03-03T06:59:36.543Z,,https://www.instagram.com/praveen_suryaa_,praveen_suryaa_,Praveen Surya,https://scontent-lga3-2.cdninstagram.com/v/t51.2885-19/s150x150/75602199_737605166720917_1224566073114755072_n.jpg?tp=1&_nc_ht=scontent-lga3-2.cdninstagram.com&_nc_ohc=9QsEZ-AZHHMAX9Lg6VI&oh=8808a86cfbe1d3291976ee9f920abd29&oe=6067B880,7555577231,TRUE,FALSE,FALSE
https://www.instagram.com/aruntrendzzz,2021-03-03T06:59:36.543Z,,https://www.instagram.com/bsiclly_ravekkdu,bsiclly_ravekkdu,b@sic@lly_@ravekk@du,https://scontent-lga3-2.cdninstagram.com/v/t51.2885-19/s150x150/41138836_302253403909611_4647694281207709696_n.jpg?tp=1&_nc_ht=scontent-lga3-2.cdninstagram.com&_nc_ohc=xOtX2JcqPSAAX-XoUz3&oh=0f26bc569ac0bf24207db964a627e5b8&oe=606A9EFD,8618786358,FALSE,FALSE,FALSE
https://www.instagram.com/aruntrendzzz,2021-03-03T06:59:36.543Z,,https://www.instagram.com/naveen_domnic,naveen_domnic,naveen raaja,https://scontent-lga3-2.cdninstagram.com/v/t51.2885-19/s150x150/93703427_214665189832414_7050003501430079488_n.jpg?tp=1&_nc_ht=scontent-lga3-2.cdninstagram.com&_nc_ohc=AAZ3rcTJSYYAX_v2kQ1&oh=4a507e2f3d538c30ab3c0cde96a07e2b&oe=6068A0E5,3240689728,FALSE,FALSE,FALSE
https://www.instagram.com/aruntrendzzz,2021-03-03T06:59:36.543Z,,https://www.instagram.com/proud_to_be_a_viratian,proud_to_be_a_viratian,M KannanüáÆüá≥üáÆüá≥üáÆüá≥,https://scontent-lga3-2.cdninstagram.com/v/t51.2885-19/s150x150/57110038_363187387878696_4647920492840222720_n.jpg?tp=1&_nc_ht=scontent-lga3-2.cdninstagram.com&_nc_ohc=JFvWSn3JznMAX_7DMl6&oh=316310159820e87efccf2ab582d85154&oe=60676B65,8619365297,TRUE,FALSE,FALSE
https://www.instagram.com/aruntrendzzz,2021-03-03T06:59:36.543Z,,https://www.instagram.com/prithivi_balasubramanian,prithivi_balasubramanian,Prithiviraj Balasubramanian,https://scontent-lga3-2.cdninstagram.com/v/t51.2885-19/s150x150/59371030_540776089780402_2709817140470349824_n.jpg?tp=1&_nc_ht=scontent-lga3-2.cdninstagram.com&_nc_ohc=oJTYizm0wFwAX8T0c82&oh=5e78a11d95b699301eb4c11efee58021&oe=60679BA7,1570083979,TRUE,FALSE,FALSE
https://www.instagram.com/aruntrendzzz,2021-03-03T06:59:36.543Z,,https://www.instagram.com/_______vj________,_______vj________,vikram jawahar,https://scontent-lga3-2.cdninstagram.com/v/t51.2885-19/s150x150/93361770_265531281271508_4700985230394130432_n.jpg?tp=1&_nc_ht=scontent-lga3-2.cdninstagram.com&_nc_ohc=JQg9JcnmCyQAX9LhKD7&oh=25e87d5318a659e70004129a63b3008a&oe=606A5385,7980528736,TRUE,FALSE,FALSE
https://www.instagram.com/aruntrendzzz,2021-03-03T06:59:36.543Z,,https://www.instagram.com/sharma_de_marirs,sharma_de_marirs,‚öïÔ∏èùë∫ùíìùíäùíìùíÇùíé ùë∫ùíâùíÇùíìùíéùíÇüíô,https://scontent-lga3-2.cdninstagram.com/v/t51.2885-19/s150x150/126435813_1096044757507348_4530413804579168759_n.jpg?tp=1&_nc_ht=scontent-lga3-2.cdninstagram.com&_nc_ohc=KebVjkmosj0AX_Q1GNY&oh=edcd5ab3620332a2e4db13bfddce149d&oe=606764DE,6641440896,TRUE,FALSE,FALSE
https://www.instagram.com/aruntrendzzz,2021-03-03T06:59:36.543Z,,https://www.instagram.com/_a_j_a_y_1_1_,_a_j_a_y_1_1_,ajay,https://scontent-lga3-2.cdninstagram.com/v/t51.2885-19/s150x150/81375848_839527939843132_6772091105602174976_n.jpg?tp=1&_nc_ht=scontent-lga3-2.cdninstagram.com&_nc_ohc=g2iEx57I7M8AX9v9j9D&oh=ea7f617069c4b4e8dc0cff20a2f14c7f&oe=606A1E32,7653355727,TRUE,FALSE,FALSE
https://www.instagram.com/aruntrendzzz,2021-03-03T06:59:36.543Z,,https://www.instagram.com/smasher_nava,smasher_nava,Navanee,https://scontent-lga3-2.cdninstagram.com/v/t51.2885-19/s150x150/138251712_1293022194398054_5761148300155309787_n.jpg?tp=1&_nc_ht=scontent-lga3-2.cdninstagram.com&_nc_ohc=oqejnYvlG9oAX-nXHFl&oh=d7a939b4411f3236633b4e549c944b00&oe=6068D52F,5399962985,TRUE,FALSE,FALSE
https://www.instagram.com/aruntrendzzz,2021-03-03T06:59:36.543Z,,https://www.instagram.com/_iam_srinath,_iam_srinath,Srinath NSK,https://scontent-lga3-2.cdninstagram.com/v/t51.2885-19/s150x150/44840643_195400884674596_4669331665019994112_n.jpg?tp=1&_nc_ht=scontent-lga3-2.cdninstagram.com&_nc_ohc=TxIG1AfOAFAAX88_Ml5&oh=9ee08aaea8f88fa13d9b165f5e32a9ec&oe=60691DA4,8230162749,TRUE,FALSE,FALSE
https://www.instagram.com/aruntrendzzz,2021-03-03T06:59:36.543Z,,https://www.instagram.com/zifolura,zifolura,Arul,https://scontent-lga3-2.cdninstagram.com/v/t51.2885-19/s150x150/39486156_268388603981518_6242896408261689344_n.jpg?tp=1&_nc_ht=scontent-lga3-2.cdninstagram.com&_nc_ohc=71JcwSR6WZ8AX_jERRH&oh=e236171fb6c2a5fd0bee1b23a03afcef&oe=606748C4,8436419878,TRUE,FALSE,TRUE
https://www.instagram.com/aruntrendzzz,2021-03-03T06:59:36.543Z,,https://www.instagram.com/parker_prasath__,parker_prasath__,Prasath Suresh,https://scontent-lga3-2.cdninstagram.com/v/t51.2885-19/s150x150/87238523_208536457158875_2775261167772237824_n.jpg?tp=1&_nc_ht=scontent-lga3-2.cdninstagram.com&_nc_ohc=67nrs0qVCFkAX8FcWe5&oh=f32508e85ed8509352f4cb601bf84861&oe=60675404,7435997409,FALSE,FALSE,FALSE
https://www.instagram.com/aruntrendzzz,2021-03-03T06:59:36.543Z,,https://www.instagram.com/heart_toucher_person,heart_toucher_person,ƒëh√¢≈ô√£≈Ü√Æ ƒë√™ h√©√°≈ô≈• b≈ô√´√£ƒ∑√´≈ô,https://scontent-lga3-2.cdninstagram.com/v/t51.2885-19/s150x150/41454125_333765787383557_4163972786336825344_n.jpg?tp=1&_nc_ht=scontent-lga3-2.cdninstagram.com&_nc_ohc=x4p3gvB-xbwAX9IiszV&oh=a6e3171f6ff902ee256d481be6c890b5&oe=60678103,6917163422,FALSE,FALSE,FALSE
https://www.instagram.com/aruntrendzzz,2021-03-03T06:59:36.543Z,,https://www.instagram.com/m_a_l_i_k____,m_a_l_i_k____,Dr. Afzal malik üë®üèª‚Äç‚öï,https://scontent-lga3-2.cdninstagram.com/v/t51.2885-19/s150x150/145495365_109903177766094_1049100290666367727_n.jpg?tp=1&_nc_ht=scontent-lga3-2.cdninstagram.com&_nc_ohc=lAbgqOreBwgAX8wsc0j&oh=ca1d3809d930efb649fc3687cc949868&oe=606720E6,6914535396,TRUE,FALSE,FALSE
https://www.instagram.com/aruntrendzzz,2021-03-03T06:59:36.543Z,,https://www.instagram.com/p_r_a_v_eee,p_r_a_v_eee,SHARMI ‚ù§Ô∏è,https://scontent-lga3-2.cdninstagram.com/v/t51.2885-19/s150x150/133395490_1033249887169519_6539161398982408497_n.jpg?tp=1&_nc_ht=scontent-lga3-2.cdninstagram.com&_nc_ohc=Yp-4rxPxARMAX-IedzA&oh=2f50aa65e325026ddad4d28f5fa6f1b9&oe=60684061,7973440616,TRUE,FALSE,FALSE
https://www.instagram.com/aruntrendzzz,2021-03-03T06:59:36.543Z,,https://www.instagram.com/_iam_satheesh,_iam_satheesh,Satheesh,https://scontent-lga3-2.cdninstagram.com/v/t51.2885-19/s150x150/81762511_204780293993983_5885086084446027776_n.jpg?tp=1&_nc_ht=scontent-lga3-2.cdninstagram.com&_nc_ohc=fA98Ysx5pAUAX8qdImH&oh=32a6cad6613a39a8c4ab9926d05a78d1&oe=60697E18,8376767653,TRUE,FALSE,FALSE
https://www.instagram.com/aruntrendzzz,2021-03-03T06:59:36.543Z,,https://www.instagram.com/ihemu_2_1_7_1,ihemu_2_1_7_1,prakashhemaüòçüòé,https://scontent-lga3-2.cdninstagram.com/v/t51.2885-19/s150x150/150692772_720137655361553_1341829934611638564_n.jpg?tp=1&_nc_ht=scontent-lga3-2.cdninstagram.com&_nc_ohc=seEOhRHe620AX98M6M-&oh=b9ef0fd5c44a2e8678377156c1af51b8&oe=60699A7C,8032642976,TRUE,FALSE,FALSE
https://www.instagram.com/aruntrendzzz,2021-03-03T06:59:36.543Z,,https://www.instagram.com/vp_thanimaram,vp_thanimaram,Velu Prabhakharan,https://scontent-lga3-2.cdninstagram.com/v/t51.2885-19/s150x150/127041987_189361722818281_283138437064012859_n.jpg?tp=1&_nc_ht=scontent-lga3-2.cdninstagram.com&_nc_ohc=Mc6H9KJ02uEAX8i3jp9&oh=246dc9eb31382368a1575a9faf5f40c7&oe=60695851,3183977532,TRUE,FALSE,FALSE
https://www.instagram.com/aruntrendzzz,2021-03-03T06:59:36.543Z,,https://www.instagram.com/thiruvarur_blogs,thiruvarur_blogs,thiruvarur_blogs,https://scontent-lga3-2.cdninstagram.com/v/t51.2885-19/s150x150/39079976_269214883691902_3872613152847822848_n.jpg?tp=1&_nc_ht=scontent-lga3-2.cdninstagram.com&_nc_ohc=bRsdttESSFAAX_Bi5Em&oh=083d2aac2f676c81db44610f5d749304&oe=606806E5,8471348246,FALSE,FALSE,FALSE
https://www.instagram.com/aruntrendzzz,2021-03-03T06:59:36.543Z,,https://www.instagram.com/aarliya___03,aarliya___03,C A T H Y üòª,https://scontent-lga3-2.cdninstagram.com/v/t51.2885-19/s150x150/129772939_3590965090951411_1947574290119415932_n.jpg?tp=1&_nc_ht=scontent-lga3-2.cdninstagram.com&_nc_ohc=7t_3UvDpBp4AX9AT-Bl&oh=58063fd11a5ed717a384208df0c9a128&oe=6068BE8E,8138189705,TRUE,FALSE,FALSE
https://www.instagram.com/aruntrendzzz,2021-03-03T06:59:36.543Z,,https://www.instagram.com/prasannavenkatesh37,prasannavenkatesh37,prasannavenkatesh,https://scontent-lga3-2.cdninstagram.com/v/t51.2885-19/s150x150/69808710_918195501884740_7013020203764154368_n.jpg?tp=1&_nc_ht=scontent-lga3-2.cdninstagram.com&_nc_ohc=FWqCgBXZOI4AX_FfgHc&oh=3a229f06c2e3b6922d2fa09ff900c62f&oe=60698396,8355043229,TRUE,FALSE,FALSE
https://www.instagram.com/aruntrendzzz,2021-03-03T06:59:36.543Z,,https://www.instagram.com/h_a_r_i_h_a_r_a_n.r,h_a_r_i_h_a_r_a_n.r,Hari Haran,https://scontent-lga3-2.cdninstagram.com/v/t51.2885-19/s150x150/125424283_647261879276525_9118740448546358623_n.jpg?tp=1&_nc_ht=scontent-lga3-2.cdninstagram.com&_nc_ohc=qdX31KSihP8AX8R1Ow7&oh=d456cf94cc1f7180aa081d0184dadefc&oe=6069EE8D,7472946881,TRUE,FALSE,FALSE
https://www.instagram.com/aruntrendzzz,2021-03-03T06:59:36.543Z,,https://www.instagram.com/manikandan_thamaraiselvan,manikandan_thamaraiselvan,üá≤ üá¶ üá≥ üáÆ,https://scontent-lga3-2.cdninstagram.com/v/t51.2885-19/s150x150/148740435_137742074781408_3061354654409193501_n.jpg?tp=1&_nc_ht=scontent-lga3-2.cdninstagram.com&_nc_ohc=jDnGUGLxnckAX-wcw_w&oh=733d025b498fd9d428f02e017588f3d2&oe=606842BA,8018899456,FALSE,FALSE,FALSE
https://www.instagram.com/aruntrendzzz,2021-03-03T06:59:36.543Z,,https://www.instagram.com/__nanthu__,__nanthu__,NANTHU,https://scontent-lga3-2.cdninstagram.com/v/t51.2885-19/s150x150/101345807_3193339860703558_2100281789913235456_n.jpg?tp=1&_nc_ht=scontent-lga3-2.cdninstagram.com&_nc_ohc=IfjJjtUG3ogAX_lVcvY&oh=e1401857ba213b03b4c613d23e3c0592&oe=606A69DF,8144420362,FALSE,FALSE,FALSE
https://www.instagram.com/aruntrendzzz,2021-03-03T06:59:37.066Z,,https://www.instagram.com/kcpraja,kcpraja,Raja,https://scontent-lga3-2.cdninstagram.com/v/t51.2885-19/s150x150/66438225_734213513664056_2795540362666442752_n.jpg?tp=1&_nc_ht=scontent-lga3-2.cdninstagram.com&_nc_ohc=TZKl-lK8rQYAX_DMxTh&oh=5952e8f115277edc3471aa193ac45392&oe=60682A08,8368645872,TRUE,FALSE,FALSE
https://www.instagram.com/aruntrendzzz,2021-03-03T06:59:37.066Z,,https://www.instagram.com/d_i_n_e_s_h_2_8,d_i_n_e_s_h_2_8,DineshKumar,https://scontent-lga3-2.cdninstagram.com/v/t51.2885-19/s150x150/82339011_464799731114715_4011044295304806400_n.jpg?tp=1&_nc_ht=scontent-lga3-2.cdninstagram.com&_nc_ohc=IbwTrSr_z2cAX_mfO8R&oh=38f2e651c226aeefab93480925288400&oe=606A4DDB,8426437091,TRUE,FALSE,FALSE
https://www.instagram.com/aruntrendzzz,2021-03-03T06:59:37.066Z,,https://www.instagram.com/classy._.boi,classy._.boi,RK,https://scontent-lga3-2.cdninstagram.com/v/t51.2885-19/s150x150/138987920_444240323381337_4273267832506505795_n.jpg?tp=1&_nc_ht=scontent-lga3-2.cdninstagram.com&_nc_ohc=jv0kLcVmRegAX-lQBpw&oh=9d21051be5c1340af04b6ad5c5af13e9&oe=6069E981,7163061280,TRUE,FALSE,FALSE
https://www.instagram.com/aruntrendzzz,2021-03-03T06:59:37.066Z,,https://www.instagram.com/___charmcuts___,___charmcuts___,charmcuts,https://scontent-lga3-2.cdninstagram.com/v/t51.2885-19/s150x150/36640080_630312620679263_9024548057873645568_n.jpg?tp=1&_nc_ht=scontent-lga3-2.cdninstagram.com&_nc_ohc=BMIQfVjsh70AX-k_kjB&oh=6c663879962460633dc50bd07e60e4d5&oe=606873A6,8137955034,FALSE,FALSE,FALSE
https://www.instagram.com/aruntrendzzz,2021-03-03T06:59:37.066Z,,https://www.instagram.com/_harshi_harini____,_harshi_harini____,,https://scontent-lga3-2.cdninstagram.com/v/t51.2885-19/s150x150/59183229_405648033356335_7228556239796436992_n.jpg?tp=1&_nc_ht=scontent-lga3-2.cdninstagram.com&_nc_ohc=JrJgiK0XJAYAX-sDWgB&oh=053902671fa7918099ee810e50b5fc7e&oe=6068D9D6,8329120332,TRUE,FALSE,FALSE
https://www.instagram.com/aruntrendzzz,2021-03-03T06:59:37.066Z,,https://www.instagram.com/kavii.07,kavii.07,kaviyarasan,https://scontent-lga3-2.cdninstagram.com/v/t51.2885-19/s150x150/37627274_2070772209854944_7242903758437351424_n.jpg?tp=1&_nc_ht=scontent-lga3-2.cdninstagram.com&_nc_ohc=DMbNzjM4_ykAX88fkqg&oh=0db191968a1170ced45f7c780579dc0b&oe=606794E9,8304147046,FALSE,FALSE,FALSE
https://www.instagram.com/aruntrendzzz,2021-03-03T06:59:37.066Z,,https://www.instagram.com/ananth_wolf,ananth_wolf,Ananth kumar,https://scontent-lga3-2.cdninstagram.com/v/t51.2885-19/s150x150/92358341_3136589426372466_8777430070751920128_n.jpg?tp=1&_nc_ht=scontent-lga3-2.cdninstagram.com&_nc_ohc=IyahkiD_XWQAX9fDN57&oh=de585fcde11cd1397d704dd853115c46&oe=606A1EFA,8314115012,FALSE,FALSE,FALSE
https://www.instagram.com/aruntrendzzz,2021-03-03T06:59:37.066Z,,https://www.instagram.com/thiyo_v,thiyo_v,vishal,https://scontent-lga3-2.cdninstagram.com/v/t51.2885-19/s150x150/153710788_133918175279564_7171992384896392048_n.jpg?tp=1&_nc_ht=scontent-lga3-2.cdninstagram.com&_nc_ohc=xczW4FwkrNcAX_8pvfi&oh=550b2d4312db78decb276ba64198ce02&oe=6069CC1E,6931929336,TRUE,FALSE,FALSE
https://www.instagram.com/aruntrendzzz,2021-03-03T06:59:37.066Z,,https://www.instagram.com/__h.a.r.i.s.h__2k,__h.a.r.i.s.h__2k,‡Æπ‡Æ∞‡Æø‡Æ∑‡Øç‚ú®,https://scontent-lga3-2.cdninstagram.com/v/t51.2885-19/s150x150/117700285_165575685054503_7780323241487481597_n.jpg?tp=1&_nc_ht=scontent-lga3-2.cdninstagram.com&_nc_ohc=MG7sPz2c_rYAX9IPAzR&oh=3cbdeae88fdc5ce238d20f211f718444&oe=6067323C,7445495306,TRUE,FALSE,FALSE
https://www.instagram.com/aruntrendzzz,2021-03-03T06:59:37.066Z,,https://www.instagram.com/___iampartha___,___iampartha___,‡Æ™‡Ææ‡Æ∞‡Øç‡Æ§‡Øç‡Æ§‡Æö‡Ææ‡Æ∞‡Æ§‡Æø || Parthasarathi,https://scontent-lga3-2.cdninstagram.com/v/t51.2885-19/s150x150/129735568_1598102987063447_3805832509886390941_n.jpg?tp=1&_nc_ht=scontent-lga3-2.cdninstagram.com&_nc_ohc=joqpSQ5eL-YAX979nF7&oh=231ddf8ef938636ccb84309aae5e3a20&oe=6067DEF3,6081519074,TRUE,FALSE,FALSE
https://www.instagram.com/aruntrendzzz,2021-03-03T06:59:37.066Z,,https://www.instagram.com/geng_rose,geng_rose,ü•Ä‚ù§,https://scontent-lga3-2.cdninstagram.com/v/t51.2885-19/s150x150/50638521_635965583527785_4099806739438764032_n.jpg?tp=1&_nc_ht=scontent-lga3-2.cdninstagram.com&_nc_ohc=-Dzja2itRTAAX-8N0zU&oh=52ff14abbdbb479dafb2cb50abd81b53&oe=60693DC5,8213616754,TRUE,FALSE,FALSE
https://www.instagram.com/aruntrendzzz,2021-03-03T06:59:37.066Z,,https://www.instagram.com/__s_h_a_n_t_h_o_s_h__,__s_h_a_n_t_h_o_s_h__,shanthosh,https://scontent-lga3-2.cdninstagram.com/v/t51.2885-19/s150x150/141335881_478798689776045_6979192784935546028_n.jpg?tp=1&_nc_ht=scontent-lga3-2.cdninstagram.com&_nc_ohc=yO8Bl71gyBkAX_JCD_1&oh=631a4fd8adff28580a847e110cf48c39&oe=6068922E,8019692891,TRUE,FALSE,FALSE
https://www.instagram.com/aruntrendzzz,2021-03-03T06:59:37.066Z,,https://www.instagram.com/im_giriyash,im_giriyash,A J G I R I P R A S A T H,https://scontent-lga3-2.cdninstagram.com/v/t51.2885-19/s150x150/75362634_561321781327485_8324813261614612480_n.jpg?tp=1&_nc_ht=scontent-lga3-2.cdninstagram.com&_nc_ohc=T2ykGP1bdx0AX9uMTXf&oh=becf94d5b74600692dd06fe9b7d62f01&oe=6068C503,5801322094,TRUE,FALSE,FALSE
https://www.instagram.com/aruntrendzzz,2021-03-03T06:59:37.066Z,,https://www.instagram.com/mohamdarshad05,mohamdarshad05,Arshad_ mohammed,https://scontent-lga3-2.cdninstagram.com/v/t51.2885-19/s150x150/31113160_997467323735426_8973202673037737984_n.jpg?tp=1&_nc_ht=scontent-lga3-2.cdninstagram.com&_nc_ohc=bAN9PKQJNeQAX83QJ1A&oh=28fb0c7bf4e79c63408ba6e302e8bd62&oe=6067781A,7677700656,TRUE,FALSE,FALSE
https://www.instagram.com/aruntrendzzz,2021-03-03T06:59:37.066Z,,https://www.instagram.com/prp_raj_praveen_12321,prp_raj_praveen_12321,Raj Praveen,https://scontent-lga3-2.cdninstagram.com/v/t51.2885-19/s150x150/43779222_623554368046298_5549304785330503680_n.jpg?tp=1&_nc_ht=scontent-lga3-2.cdninstagram.com&_nc_ohc=FPIN2sxiSWQAX-RqD6Z&oh=ee590e66f643280e36db04b67c06784f&oe=6067419D,7614995281,FALSE,FALSE,FALSE
https://www.instagram.com/aruntrendzzz,2021-03-03T06:59:37.066Z,,https://www.instagram.com/vijai_krissh,vijai_krissh,vijai krissh,https://scontent-lga3-2.cdninstagram.com/v/t51.2885-19/s150x150/81042587_778685382613816_154729151775899648_n.jpg?tp=1&_nc_ht=scontent-lga3-2.cdninstagram.com&_nc_ohc=8Yxr626PgxAAX-I1D6X&oh=f6f354e363e73c194290bcfd95ff9b00&oe=60678437,4576528689,FALSE,FALSE,FALSE
https://www.instagram.com/aruntrendzzz,2021-03-03T06:59:37.066Z,,https://www.instagram.com/sundar_pmk,sundar_pmk,Sundar Raj,https://scontent-lga3-2.cdninstagram.com/v/t51.2885-19/s150x150/46745909_349481595782986_6038996293332762624_n.jpg?tp=1&_nc_ht=scontent-lga3-2.cdninstagram.com&_nc_ohc=N0wu501k5YQAX_PCX_W&oh=e9f712b967ee5bf98a44bf17b1327f4e&oe=60684171,7440107614,TRUE,FALSE,FALSE
https://www.instagram.com/aruntrendzzz,2021-03-03T06:59:37.066Z,,https://www.instagram.com/hearty_srini_007,hearty_srini_007,‚ù£‡Æö‡ØÄ‡Æ©‡Æø‡Æµ‡Ææ‡Æö‡Æ©‡Øç‚ù£,https://scontent-lga3-2.cdninstagram.com/v/t51.2885-19/s150x150/78975733_2494010727481115_7627589805747994624_n.jpg?tp=1&_nc_ht=scontent-lga3-2.cdninstagram.com&_nc_ohc=s-D0U0XSJL4AX9InOcY&oh=9a1f76b327d8c971b199bd3c5437edb8&oe=606A1A0D,7497728406,TRUE,FALSE,FALSE
https://www.instagram.com/aruntrendzzz,2021-03-03T06:59:37.066Z,,https://www.instagram.com/_.iamkrishna_,_.iamkrishna_,Krishnaüíô,https://scontent-lga3-2.cdninstagram.com/v/t51.2885-19/s150x150/118299010_160833618915556_7488167240581290315_n.jpg?tp=1&_nc_ht=scontent-lga3-2.cdninstagram.com&_nc_ohc=KXwrtkVgt5wAX_aKw9E&oh=93d3ee6a870488933c4aeadee85c9a59&oe=60674105,5482691418,TRUE,FALSE,FALSE
https://www.instagram.com/aruntrendzzz,2021-03-03T06:59:37.066Z,,https://www.instagram.com/daniel_sufi_89,daniel_sufi_89,Daniel sufi,https://scontent-lga3-2.cdninstagram.com/v/t51.2885-19/s150x150/56268802_1075594232612573_3525898275745955840_n.jpg?tp=1&_nc_ht=scontent-lga3-2.cdninstagram.com&_nc_ohc=w5ZDLVsdZd4AX8q9x4N&oh=21a0fc06fcd79fd4562e921093f80ecd&oe=606AA84B,2268431974,FALSE,FALSE,FALSE
https://www.instagram.com/aruntrendzzz,2021-03-03T06:59:37.066Z,,https://www.instagram.com/__a.l.f.r.e.d,__a.l.f.r.e.d,Nicky,https://scontent-lga3-2.cdninstagram.com/v/t51.2885-19/s150x150/152622165_1149471062160203_2466688291590733092_n.jpg?tp=1&_nc_ht=scontent-lga3-2.cdninstagram.com&_nc_ohc=pOBFLpoabeAAX8EsMxs&oh=06241cf993575fbe2acbe031e124b7a2&oe=606A122E,2902160893,FALSE,FALSE,FALSE
https://www.instagram.com/aruntrendzzz,2021-03-03T06:59:37.066Z,,https://www.instagram.com/__elwinsanjay__,__elwinsanjay__,Elwin Sanjay ‚òÄÔ∏è,https://scontent-lga3-2.cdninstagram.com/v/t51.2885-19/s150x150/152552425_185084236286579_7586842271321705623_n.jpg?tp=1&_nc_ht=scontent-lga3-2.cdninstagram.com&_nc_ohc=tABAvc6mGwsAX-RMU7b&oh=0c7ccdcdcbe695af2560dea6df7377f5&oe=6069F71D,5957276131,TRUE,FALSE,FALSE
https://www.instagram.com/aruntrendzzz,2021-03-03T06:59:37.066Z,,https://www.instagram.com/___bat8___,___bat8___,Naveen Kumar,https://scontent-lga3-2.cdninstagram.com/v/t51.2885-19/s150x150/90700008_584315275852532_1807676822066823168_n.jpg?tp=1&_nc_ht=scontent-lga3-2.cdninstagram.com&_nc_ohc=0iW-CPFx5EIAX8_TNk-&oh=c383d3b1fbf41c2ab07ebd2c9f9574ab&oe=6068E277,2260191314,TRUE,FALSE,FALSE
https://www.instagram.com/aruntrendzzz,2021-03-03T06:59:37.066Z,,https://www.instagram.com/prabu414,prabu414,prabu,https://scontent-lga3-2.cdninstagram.com/v/t51.2885-19/s150x150/33437783_425659691243272_3563127275605983232_n.jpg?tp=1&_nc_ht=scontent-lga3-2.cdninstagram.com&_nc_ohc=UHd7e_ZR4YQAX-vdjxK&oh=1480a831853f4e451c02eb799c0276d9&oe=60670117,8017056216,FALSE,FALSE,FALSE
https://www.instagram.com/aruntrendzzz,2021-03-03T06:59:37.066Z,,https://www.instagram.com/hemnath_45__,hemnath_45__,HEM NATH KANDHASAMY üíñ,https://scontent-lga3-2.cdninstagram.com/v/t51.2885-19/s150x150/134223846_466582907832530_4871850236060329507_n.jpg?tp=1&_nc_ht=scontent-lga3-2.cdninstagram.com&_nc_ohc=eJkQw75cDfEAX_L5ASd&oh=d0bee8b93e1fd9e346859a1a55235cdf&oe=60699863,7532146439,TRUE,FALSE,FALSE
https://www.instagram.com/aruntrendzzz,2021-03-03T06:59:37.066Z,,https://www.instagram.com/c_a_p_t_u_r_e__2081,c_a_p_t_u_r_e__2081,Gowtham Raj,https://scontent-lga3-2.cdninstagram.com/v/t51.2885-19/s150x150/87402201_689839848419795_2495518634839900160_n.jpg?tp=1&_nc_ht=scontent-lga3-2.cdninstagram.com&_nc_ohc=bNAdC4PZkL8AX_Yalwc&oh=64f0f0060e4f2d90d754abc37938ae03&oe=60693E5A,5555405246,FALSE,FALSE,FALSE
https://www.instagram.com/aruntrendzzz,2021-03-03T06:59:37.066Z,,https://www.instagram.com/sudar7san_vpm,sudar7san_vpm,Sudar San,https://scontent-lga3-2.cdninstagram.com/v/t51.2885-19/s150x150/29737344_2116756018611709_399545719326769152_n.jpg?tp=1&_nc_ht=scontent-lga3-2.cdninstagram.com&_nc_ohc=icGJXwEhAZEAX_YnGEA&oh=763e05b9055628264a0f8cbc0f644d2e&oe=60672BD6,7479025860,FALSE,FALSE,FALSE
https://www.instagram.com/aruntrendzzz,2021-03-03T06:59:37.066Z,,https://www.instagram.com/illiyas_sha,illiyas_sha,illiyas sha,https://scontent-lga3-2.cdninstagram.com/v/t51.2885-19/s150x150/104452259_264013454868681_4814496453988970846_n.jpg?tp=1&_nc_ht=scontent-lga3-2.cdninstagram.com&_nc_ohc=Fh4rFnL8jCQAX91QnEt&oh=1404fc5aa54f3617179dd1b07562bdaf&oe=606782A9,2059464153,TRUE,FALSE,FALSE
https://www.instagram.com/aruntrendzzz,2021-03-03T06:59:37.066Z,,https://www.instagram.com/ak__photography0007,ak__photography0007,Ananth kumar,https://scontent-lga3-2.cdninstagram.com/v/t51.2885-19/s150x150/41522245_257032524957886_8836047797292630016_n.jpg?tp=1&_nc_ht=scontent-lga3-2.cdninstagram.com&_nc_ohc=k65iH47lYwsAX8xrF6z&oh=57805ec1e9ecd2988f8c3c7b4c1d9d04&oe=6067D0BB,5757486534,FALSE,FALSE,FALSE
https://www.instagram.com/aruntrendzzz,2021-03-03T06:59:37.066Z,,https://www.instagram.com/sankarramachandran,sankarramachandran,‡Æï‡Æ§‡Æø‡Æ∞‡Æµ‡Æ©‡Øç,https://scontent-lga3-2.cdninstagram.com/v/t51.2885-19/s150x150/152809039_239017691162761_7990602515859334793_n.jpg?tp=1&_nc_ht=scontent-lga3-2.cdninstagram.com&_nc_ohc=12HuovhXKyMAX-1dHXA&oh=c0c936a8c44fee39443a372c2aa1e19f&oe=6069BF75,1988271379,TRUE,FALSE,FALSE
https://www.instagram.com/aruntrendzzz,2021-03-03T06:59:37.066Z,,https://www.instagram.com/prithesh_cric_star,prithesh_cric_star,ùë∑ùíìùíäùíïùíâùíÜùíîùíâùíòùíÇùíìùíÇùíè,https://scontent-lga3-2.cdninstagram.com/v/t51.2885-19/s150x150/118317048_1883614788507013_7246871947991507375_n.jpg?tp=1&_nc_ht=scontent-lga3-2.cdninstagram.com&_nc_ohc=jEVZAKCD_QEAX9tQE4D&oh=d34b4094d99dd8e8a015fccf98e080d3&oe=60691D61,7519843796,TRUE,FALSE,FALSE
https://www.instagram.com/aruntrendzzz,2021-03-03T06:59:37.066Z,,https://www.instagram.com/b.nandagopal,b.nandagopal,B. Nandagopal,https://scontent-lga3-2.cdninstagram.com/v/t51.2885-19/s150x150/38828812_1623560807755955_3275842634072981504_n.jpg?tp=1&_nc_ht=scontent-lga3-2.cdninstagram.com&_nc_ohc=k2kTYNahftgAX_IQcte&oh=2ed00abe89c7c1e832da3f89037230a1&oe=60678713,8212055536,FALSE,FALSE,FALSE
https://www.instagram.com/aruntrendzzz,2021-03-03T06:59:37.066Z,,https://www.instagram.com/lordboros2000,lordboros2000,Uma Shankar,https://scontent-lga3-2.cdninstagram.com/v/t51.2885-19/s150x150/66808173_348150472530533_1046195454246649856_n.jpg?tp=1&_nc_ht=scontent-lga3-2.cdninstagram.com&_nc_ohc=xVn3VKr9FK4AX_ERQ6B&oh=43125fab4a1866b6083108f9ef125322&oe=60683E38,3573730473,FALSE,FALSE,FALSE
https://www.instagram.com/aruntrendzzz,2021-03-03T06:59:37.066Z,,https://www.instagram.com/mouli_.eswaran,mouli_.eswaran,Mouli Eswaran,https://scontent-lga3-2.cdninstagram.com/v/t51.2885-19/s150x150/146605863_449516909422007_109134417170889756_n.jpg?tp=1&_nc_ht=scontent-lga3-2.cdninstagram.com&_nc_ohc=6jCUP9CMrrIAX8kGE9b&oh=f519f6b8f1bb2db5df4234f4bd7fb76b&oe=606868DE,6689449121,TRUE,FALSE,FALSE
https://www.instagram.com/aruntrendzzz,2021-03-03T06:59:37.066Z,,https://www.instagram.com/yoonusabdullah,yoonusabdullah,Ahamed Yoonus S,https://scontent-lga3-2.cdninstagram.com/v/t51.2885-19/s150x150/119570668_245316873482034_5364714696144300530_n.jpg?tp=1&_nc_ht=scontent-lga3-2.cdninstagram.com&_nc_ohc=uABot96OR9UAX-CEUUm&oh=421b856952f4b4c871597ced7a246e87&oe=60672313,8010067726,TRUE,FALSE,FALSE
https://www.instagram.com/aruntrendzzz,2021-03-03T06:59:37.066Z,,https://www.instagram.com/_h.a.r.s.h_06,_h.a.r.s.h_06,üëë_h.a.r.s.h_06üëë,https://scontent-lga3-2.cdninstagram.com/v/t51.2885-19/s150x150/123668953_771223303431235_4495313336590209220_n.jpg?tp=1&_nc_ht=scontent-lga3-2.cdninstagram.com&_nc_ohc=0iLPTHSq-E4AX-1M8V9&oh=4c200c54c36e6a1cd4df87499eb29f95&oe=60689F4F,6112439102,TRUE,FALSE,FALSE
